cultivar,well,target,sample,cycle_start,cycle_end,slope,r2,efficiency
gmp,A01,CmACS,G.15.A,30,34,0.29208302198025243,0.9991880979289144,1.9592191721834868
gmp,A02,CmACS,G.30.B,21,25,0.29577121224967573,0.9976583435167197,1.9759284403316941
gmp,A03,CmACS,G.M.C,19,23,0.3135679586533503,0.9992273306009809,2.0585809932922063
gmp,A04,CmACO,G.30.A,18,22,0.2962105571999862,0.9981513566529316,1.9779283585243799
gmp,A05,CmACO,G.M.B,17,21,0.30244938663016707,0.9985126973514683,2.0065472301848666
gmp,A06,CmATH,G.15.C,27,31,0.2787833613979096,0.9981643241956021,1.9001302037798051
gmp,A07,CmATH,G.M.A,23,27,0.28548687433569353,0.9980825129258605,1.9296870144568632
gmp,A08,CmEREBP,G.15.B,21,25,0.32639992007242175,0.9976141136108244,2.120312726517353
gmp,A09,CmEREBP,G.30.C,17,21,0.3122973941743827,0.9976468082687815,2.0525672452345605
gmp,A10,CmCYP,G.15.A,19,23,0.2922917609743115,0.997694548141564,1.9601610762471269
gmp,A11,CmCYP,G.30.B,18,22,0.2853530977701645,0.9978063651503498,1.929092700788526
gmp,A12,CmCYP,G.M.C,18,22,0.2866339682651961,0.9990347731667796,1.9347905978747781
gmp,B01,CmACS,G.15.A,30,34,0.29596070970520877,0.9993852780594707,1.9767907932472013
gmp,B02,CmACS,G.30.B,21,25,0.29739850821595687,0.997832701636184,1.983346107642285
gmp,B03,CmACS,G.M.C,20,24,0.298766277268822,0.9985626997599086,1.9896023135509169
gmp,B04,CmACO,G.30.A,17,21,0.31095187424466114,0.9990356135957639,2.0462178752958007
gmp,B05,CmACO,G.M.B,17,21,0.3040491537022716,0.9985793191178604,2.0139521772434423
gmp,B06,CmATH,G.15.C,26,30,0.29690544326328583,0.9985316142041444,1.9810956449302457
gmp,B07,CmATH,G.M.A,22,26,0.3067433300793078,0.9987549254600058,2.0264847042986434
gmp,B08,CmEREBP,G.15.B,21,25,0.31474016069086624,0.998411995391039,2.0641448040787767
gmp,B09,CmEREBP,G.30.C,17,21,0.3125438893283742,0.9980623946267416,2.053732563951244
gmp,B10,CmCYP,G.15.A,19,23,0.2911735707387216,0.9981611644324456,1.955120685913053
gmp,B11,CmCYP,G.30.B,18,22,0.28579000876928506,0.9984437052139685,1.9310343923285063
gmp,B12,CmCYP,G.M.C,16,20,0.34191929683898264,0.9988296653545231,2.1974514914508347
gmp,C01,CmACS,G.15.B,30,34,0.2810146567023158,0.9998108247195817,1.9099177139627332
gmp,C02,CmACS,G.30.C,24,28,0.28047678084155714,0.9991802375032756,1.907553735642753
gmp,C03,CmACO,G.15.A,22,26,0.28810160050072847,0.9986953141965275,1.941339988923472
gmp,C04,CmACO,G.30.B,19,23,0.29365265838208193,0.998773984054574,1.9663130356787695
gmp,C05,CmACO,G.M.C,18,22,0.29725346069233133,0.9987904749438434,1.9826838118532857
gmp,C06,CmATH,G.30.A,20,24,0.3222241732407097,0.9981593423795984,2.1000235898042185
gmp,C07,CmATH,G.M.B,17,21,0.42169596494945316,0.9988701040832553,2.640559542635317
gmp,C08,CmEREBP,G.15.C,21,25,0.31693406650527595,0.998293198619123,2.0745985332198167
gmp,C09,CmEREBP,G.M.A,17,21,0.27728983882404296,0.9977507726502661,1.893606949709049
gmp,C10,CmCYP,G.15.B,19,23,0.3110917398046854,0.998294405548173,2.0468769707043024
gmp,C11,CmCYP,G.30.C,16,20,0.30191299505547453,0.9993913894246943,2.0040704991009193
gmp,D01,CmACS,G.15.B,31,35,0.3010131154337517,0.9994666415350647,1.9999222651777293
gmp,D02,CmACS,G.30.C,24,28,0.27699948719957324,0.9990134408938794,1.8923413842301193
gmp,D03,CmACO,G.15.A,22,26,0.2931735079484696,0.9986751641201399,1.9641448289922998
gmp,D04,CmACO,G.30.B,19,23,0.30276002550474335,0.9975569308692278,2.0079829715338944
gmp,D05,CmACO,G.M.C,18,22,0.2945890462167984,0.9988857658018963,1.970557201933277
gmp,D06,CmATH,G.30.A,21,25,0.2915403374437983,0.9977315612773675,1.9567725053015865
gmp,D07,CmATH,G.M.B,21,25,0.290158743336032,0.9993726684621024,1.9505574373027708
gmp,D08,CmEREBP,G.15.C,22,26,0.2911509505030932,0.9982273368430483,1.955018856070118
gmp,D09,CmEREBP,G.M.A,15,19,0.31798350763102584,0.9983814764083694,2.0796177119490498
gmp,D10,CmCYP,G.15.B,21,25,0.2726311026192293,0.9975223928903083,1.8734025309363982
gmp,D11,CmCYP,G.30.C,17,21,0.2978280748310664,0.9987864353181437,1.985308832937459
gmp,E01,CmACS,G.15.C,30,34,0.28810013858548095,0.9987807132194083,1.9413334540263643
gmp,E02,CmACS,G.M.A,19,23,0.30922285311983855,0.9987516330112691,2.0380876301903412
gmp,E03,CmACO,G.15.B,23,27,0.30531263046629925,0.9979392468284005,2.019819824442733
gmp,E04,CmACO,G.30.C,17,21,0.2948003335871096,0.9984700738841532,1.9715161253425908
gmp,E05,CmATH,G.15.A,25,29,0.29991198344378917,0.9989956015229229,1.9948579848874575
gmp,E06,CmATH,G.30.B,22,26,0.30796739277867985,0.9979634218789831,2.0322044254673908
gmp,E07,CmATH,G.M.C,22,26,0.2866349851726941,0.9987173081108576,1.9347951282233122
gmp,E08,CmEREBP,G.30.A,17,21,0.30398128014693565,0.9989197507532723,2.013637452053037
gmp,E09,CmEREBP,G.M.B,15,19,0.3148104031417951,0.9991961552368007,2.0644786842502207
gmp,E10,CmCYP,G.15.C,18,22,0.30198158389166263,0.9984975525795412,2.0043870302194695
gmp,E11,CmCYP,G.M.A,17,21,0.2939756549280067,0.9988323101639702,1.967775979784362
gmp,F01,CmACS,G.15.C,31,35,0.28529669847193134,0.9986549581921815,1.9288421970063856
gmp,F02,CmACS,G.M.A,20,24,0.2869572140150627,0.9982905173480568,1.9362312002059665
gmp,F03,CmACO,G.15.B,23,27,0.2985914183031162,0.9986237800395061,1.9888014058959356
gmp,F04,CmACO,G.30.C,16,20,0.3174032515038249,0.9986578690260218,2.076841012745886
gmp,F05,CmATH,G.15.A,25,29,0.2969734341639233,0.998751763260593,1.9814058193096207
gmp,F06,CmATH,G.30.B,21,25,0.32673792867291623,0.9982202290147791,2.1219635946144453
gmp,F07,CmATH,G.M.C,22,26,0.30075789746291126,0.9973361321693843,1.9987473339337212
gmp,F08,CmEREBP,G.30.A,17,21,0.3080776487566102,0.9985497896498275,2.032720414363977
gmp,F09,CmEREBP,G.M.B,15,19,0.316942407301984,0.9988571180438333,2.0746383770849857
gmp,F10,CmCYP,G.15.C,18,22,0.31315906030722396,0.9975380680553005,2.056643703597876
gmp,F11,CmCYP,G.M.A,18,22,0.2810341523270911,0.9985749971885232,1.910003452733116
gmp,G01,CmACS,G.30.A,20,24,0.30695769565234965,0.9989686534073446,2.027485213864352
gmp,G02,CmACS,G.M.B,21,25,0.28265623067942036,0.9985768372075666,1.9171506037885115
gmp,G03,CmACO,G.15.C,22,26,0.2986976996208086,0.9984786980010766,1.9892881684699144
gmp,G04,CmACO,G.M.A,11,18,0.4052520204800567,0.9990804696879463,2.5424476563688216
gmp,G05,CmATH,G.15.B,25,29,0.3169033187169717,0.9989618788030735,2.0744516580899117
gmp,G06,CmATH,G.30.C,19,23,0.3251315017029736,0.9984987505080107,2.114129088239611
gmp,G07,CmEREBP,G.15.A,22,26,0.28912735253808125,0.998006657134433,1.9459306227701043
gmp,G08,CmEREBP,G.30.B,17,21,0.30749465877887305,0.9987926640261158,2.029993553594666
gmp,G09,CmEREBP,G.M.C,15,19,0.32334215355619855,0.9982664407807588,2.1054365287542507
gmp,G10,CmCYP,G.30.A,17,21,0.2936064250753561,0.9981859501421624,1.9661037207582739
gmp,G11,CmCYP,G.M.B,17,21,0.30180778177451056,0.9991988064199592,2.003585046712671
gmp,H01,CmACS,G.30.A,21,25,0.28902367084398584,0.997136674610793,1.945466114675906
gmp,H02,CmACS,G.M.B,20,24,0.3057386001470007,0.9987155903046917,2.0218018991049886
gmp,H03,CmACO,G.15.C,22,26,0.29051645560254424,0.9988853919575464,1.9521647009923913
gmp,H04,CmACO,G.M.A,18,22,0.29230604508715347,0.9981283745675239,1.9602255477604087
gmp,H05,CmATH,G.15.B,26,30,0.2900144988084116,0.9988714314557304,1.9499096958998754
gmp,H06,CmATH,G.30.C,21,25,0.27802278073770853,0.9983872271798467,1.8968054147464317
gmp,H07,CmEREBP,G.15.A,21,25,0.2944339301245039,0.9991804332957843,1.9698535076310533
gmp,H08,CmEREBP,G.30.B,18,22,0.2905509618639193,0.9980436594935547,1.9523198136736952
gmp,H09,CmEREBP,G.M.C,17,21,0.27679042630880335,0.9978650232350057,1.8914306672244539
gmp,H10,CmCYP,G.30.A,17,21,0.29143798054856673,0.9978552271743262,1.9563113768141318
gmp,H11,CmCYP,G.M.B,18,22,0.2864594190467661,0.9989742189098616,1.934013133865122
kinaya,A01,CmACS,K.15.A,21,25,0.3064966577928695,0.999459792806204,2.025334020368931
kinaya,A02,CmACS,K.30.B,22,26,0.29297937267390634,0.9990957619855274,1.9632670269500785
kinaya,A03,CmACS,K.M.C,22,26,0.3096314025367668,0.9981510736456681,2.0400058016619105
kinaya,A04,CmACO,K.30.A,16,20,0.33116066840378766,0.9978502929786977,2.143683515884049
kinaya,A05,CmACO,K.M.B,23,27,0.2993694964213402,0.9992139167567042,1.9923677184800592
kinaya,A06,CmATH,K.15.C,23,27,0.3374076881379905,0.9990917154918095,2.1747417306650028
kinaya,A07,CmATH,K.M.A,23,27,0.328681647076908,0.9980848463642013,2.1314818901642254
kinaya,A08,CmEREBP,K.15.B,17,21,0.36863490280043637,0.997112213815596,2.3368718807328084
kinaya,A09,CmEREBP,K.30.C,15,19,0.3323269885992196,0.9988221146134678,2.1494482256040777
kinaya,A10,CmCYP,K.15.A,17,21,0.2675545942295057,0.9965233531292673,1.8516316442254075
kinaya,A11,CmCYP,K.30.B,18,22,0.29355924957134677,0.9990180260516359,1.9658901631369117
kinaya,A12,CmCYP,K.M.C,18,22,0.29894982293528355,0.9990377618510935,1.9904433559248338
kinaya,B01,CmACS,K.15.A,20,24,0.3255279617209995,0.9989497122548305,2.1160599217691356
kinaya,B02,CmACS,K.30.B,23,27,0.2773782085648541,0.9980132832424466,1.893992297873253
kinaya,B03,CmACS,K.M.C,23,27,0.27919368774664227,0.9982711567347351,1.901926316692443
kinaya,B04,CmACO,K.30.A,17,21,0.29922455608877335,0.9984678235744892,1.991702901703239
kinaya,B05,CmACO,K.M.B,23,27,0.30045748342575934,0.9989123566880036,1.9973652207505916
kinaya,B06,CmATH,K.15.C,23,27,0.3206327388592861,0.9997786444525234,2.092342318158278
kinaya,B07,CmATH,K.M.A,22,26,0.33485317711004514,0.9992765826035177,2.1619874923003164
kinaya,B08,CmEREBP,K.15.B,19,23,0.2993331376654152,0.9980787539069121,1.9922009261711888
kinaya,B09,CmEREBP,K.30.C,17,21,0.2825587288239687,0.9972954065918446,1.9167202396752128
kinaya,B10,CmCYP,K.15.A,13,17,0.3759094984170586,0.9985474168986471,2.3763450341960337
kinaya,B11,CmCYP,K.30.B,18,22,0.29727616047863,0.9984456330270504,1.9827874458549295
kinaya,B12,CmCYP,K.M.C,19,23,0.2858996840500271,0.9972035807629046,1.931522110897673
kinaya,C01,CmACS,K.15.B,15,23,0.3134109243188127,0.9988489599752103,2.0578367760099545
kinaya,C02,CmACS,K.30.C,19,23,0.3070922209949792,0.9996919177759772,2.0281133369501703
kinaya,C03,CmACO,K.15.A,20,24,0.29421289062230666,0.9992483509012418,1.9688511816272705
kinaya,C04,CmACO,K.30.B,21,25,0.29292705447749023,0.9987867526424434,1.9630305321116748
kinaya,C05,CmACO,K.M.C,21,25,0.3287611241303589,0.998760067467764,2.131871992753144
kinaya,C06,CmATH,K.30.A,21,25,0.2924084114641378,0.9986944082192589,1.960687641676564
kinaya,C07,CmATH,K.M.B,22,26,0.3210817163600034,0.9986108070621631,2.094506518761313
kinaya,C08,CmEREBP,K.15.C,18,22,0.3161412609868975,0.9984643998161106,2.070814803753084
kinaya,C09,CmEREBP,K.M.A,17,21,0.31119556613142474,0.997827618858037,2.04736637393522
kinaya,C10,CmCYP,K.15.B,15,19,0.3055217893913085,0.9986009537959977,2.0207928165198177
kinaya,C11,CmCYP,K.30.C,15,19,0.31651676480525726,0.9983124131153793,2.0726060655874066
kinaya,D01,CmACS,K.15.B,22,26,0.29636459274756083,0.9993461346678043,1.9786300144911317
kinaya,D02,CmACS,K.30.C,22,26,0.26800244639014204,0.9989307383968022,1.8535420644276537
kinaya,D03,CmACO,K.15.A,19,23,0.3308794993211391,0.9985452814556788,2.1422961106003626
kinaya,D04,CmACO,K.30.B,21,25,0.2925848737169621,0.9986067325822906,1.9614844688824251
kinaya,D05,CmACO,K.M.C,21,25,0.34288879228293984,0.9986707852055323,2.202362442394776
kinaya,D06,CmATH,K.30.A,20,24,0.30255592154557914,0.9995843098682454,2.0070395080508425
kinaya,D07,CmATH,K.M.B,22,26,0.33188442036460275,0.998673069152641,2.1472589438824095
kinaya,D08,CmEREBP,K.15.C,19,23,0.29727060165200503,0.9974331935651132,1.9827620669897439
kinaya,D09,CmEREBP,K.M.A,17,21,0.30939368255849387,0.9986670718941081,2.038889468262411
kinaya,D10,CmCYP,K.15.B,14,18,0.3484524035444508,0.9992205934018131,2.2307577144404465
kinaya,D11,CmCYP,K.30.C,16,20,0.2903487698529229,0.9984447330462536,1.951411094795831
kinaya,E01,CmACS,K.15.C,22,26,0.2928637834548106,0.9990277487059334,1.962744565083402
kinaya,E02,CmACS,K.M.A,23,27,0.28288941496042613,0.997803079062131,1.918180249435888
kinaya,E03,CmACO,K.15.B,22,26,0.2824544870435634,0.9977667567231794,1.916260233016755
kinaya,E04,CmACO,K.30.C,15,19,0.3365907913909298,0.999474533239294,2.1706549421976558
kinaya,E05,CmATH,K.15.A,23,27,0.2928352453848203,0.998851789858651,1.9626155947561168
kinaya,E06,CmATH,K.30.B,23,27,0.31908225659107425,0.9995537805109711,2.0848857288992426
kinaya,E07,CmATH,K.M.C,15,22,0.421192636729686,0.9991985092411756,2.637501022850251
kinaya,E08,CmEREBP,K.30.A,19,23,0.2735466894230359,0.9976066158750465,1.8773562352796085
kinaya,E09,CmEREBP,K.M.B,18,22,0.3120559132426456,0.9993856758526264,2.0514262726982793
kinaya,E10,CmCYP,K.15.C,17,21,0.2812821400289161,0.9957537159992117,1.9110944005678532
kinaya,E11,CmCYP,K.M.A,17,21,0.2957237342591326,0.99829276807102,1.9757124394659777
kinaya,F01,CmACS,K.15.C,22,26,0.2928637834548106,0.9990277487059334,1.962744565083402
kinaya,F02,CmACS,K.M.A,23,27,0.28288941496042613,0.997803079062131,1.918180249435888
kinaya,F03,CmACO,K.15.B,21,25,0.3023748743461429,0.9984615238594613,2.0062029946532207
kinaya,F04,CmACO,K.30.C,17,21,0.3108003173233033,0.9978095876352839,2.0455039256847
kinaya,F05,CmATH,K.15.A,22,26,0.29731496491809173,0.9997635109491965,1.9829646168669366
kinaya,F06,CmATH,K.30.B,25,29,0.2796528361312337,0.999633353097427,1.9039381501740842
kinaya,F07,CmATH,K.M.C,20,24,0.31412485259401957,0.999093957348658,2.06122239598723
kinaya,F08,CmEREBP,K.30.A,16,20,0.33665822966035197,0.9986779874012917,2.1709920327779493
kinaya,F09,CmEREBP,K.M.B,19,23,0.3005502866518739,0.998833136137667,1.9977920779870941
kinaya,F10,CmCYP,K.15.C,15,19,0.31695994195926436,0.9992195492629806,2.074722142384412
kinaya,F11,CmCYP,K.M.A,17,21,0.29977251516103537,0.9979352485452314,1.994217463857358
kinaya,G01,CmACS,K.30.A,21,25,0.30021805752838193,0.9994403472690765,1.9962643797699628
kinaya,G02,CmACS,K.M.B,23,27,0.2827036230317575,0.9984092630473141,1.917359824117841
kinaya,G03,CmACO,K.15.C,20,24,0.3144479794316808,0.999272509526574,2.0627565718477485
kinaya,G04,CmACO,K.M.A,22,26,0.29502147328185513,0.9991284519694875,1.9725202631114396
kinaya,G05,CmATH,K.15.B,23,27,0.2913702532714771,0.9991536215593808,1.9560063181096226
kinaya,G06,CmATH,K.30.C,20,24,0.3101991044200077,0.9992023465059462,2.0426742039723416
kinaya,G07,CmEREBP,K.15.A,19,23,0.2932761723421906,0.9978758338186883,1.9646091949523523
kinaya,G08,CmEREBP,K.30.B,19,23,0.3001673704385105,0.9961327336572118,1.996031406679671
kinaya,G09,CmEREBP,K.M.C,18,22,0.3032697403165681,0.9986546966510315,2.010341047818085
kinaya,G10,CmCYP,K.30.A,13,17,0.3460432966305713,0.9989942911451072,2.2184175720884007
kinaya,G11,CmCYP,K.M.B,18,22,0.30655869652799844,0.9988208818496145,2.025623358919059
kinaya,H01,CmACS,K.30.A,22,26,0.29479985469931247,0.999406259432276,1.97151395139258
kinaya,H02,CmACS,K.M.B,22,26,0.2974267069418608,0.9987828076582442,1.983474890418323
kinaya,H03,CmACO,K.15.C,21,25,0.2950146458486164,0.9986775366994243,1.9724892538651504
kinaya,H04,CmACO,K.M.A,22,26,0.2948469523756948,0.9977147968542757,1.9717277665915838
kinaya,H05,CmATH,K.15.B,22,26,0.31858429547294215,0.9987907580740196,2.082496573372241
kinaya,H06,CmATH,K.30.C,21,25,0.31368756602081727,0.999025254655081,2.0591480172175602
kinaya,H07,CmEREBP,K.15.A,18,22,0.31651092198150244,0.9979826942939372,2.0725781817643356
kinaya,H08,CmEREBP,K.30.B,19,23,0.2896566106168751,0.9979891216179209,1.9483034995861537
kinaya,H09,CmEREBP,K.M.C,17,21,0.32315750471965154,0.9988817039916145,2.104541551296498
kinaya,H10,CmCYP,K.30.A,12,16,0.3842793118377943,0.9985123359785616,2.422586606409845
kinaya,H11,CmCYP,K.M.B,18,22,0.3148249125704783,0.9977679005051542,2.064547657971664
melona,A01,CmACS,M.15.A,32,36,0.27051148775442974,0.9998187807968048,1.8642814907019998
melona,A02,CmACS,M.30.B,24,28,0.2785741747884534,0.9997313244031464,1.899215188509617
melona,A03,CmACS,M.M.C,16,20,0.32919981432471873,0.9984952347765179,2.134026530481729
melona,A04,CmACO,M.30.A,19,23,0.29868841041833316,0.9977159965978836,1.9892456196839499
melona,A05,CmACO,M.M.B,14,18,0.30210627051212524,0.9982308144108837,2.004962575465821
melona,A06,CmATH,M.15.C,17,27,0.37346504311425904,0.9998062866951893,2.3630071902052343
melona,A07,CmATH,M.M.A,21,25,0.2755663172101707,0.9972941488026058,1.886106957957236
melona,A08,CmEREBP,M.15.B,21,25,0.34038702468664417,0.9974436031244537,2.1897121326106106
melona,A09,CmEREBP,M.30.C,19,23,0.3087324212602196,0.9947010599532113,2.035787396160253
melona,A10,CmCYP,M.15.A,19,23,0.27805447726370675,0.9986576670731371,1.8969438561466254
melona,A11,CmCYP,M.30.B,10,17,0.36579805044518565,0.9993446408483158,2.321656960814836
melona,A12,CmCYP,M.M.C,18,22,0.28776672587906166,0.9977609303024901,1.9398436426768428
melona,B01,CmACS,M.15.A,32,36,0.27051148775442974,0.9998187807968048,1.8642814907019998
melona,B02,CmACS,M.30.B,26,30,0.27610659903266266,0.9975493628475703,1.8884548197633828
melona,B03,CmACS,M.M.C,16,20,0.30329877382103954,0.9997940550940105,2.010475447860599
melona,B04,CmACO,M.30.A,19,23,0.29273940510232993,0.9984965819574096,1.962182531736313
melona,B05,CmACO,M.M.B,13,17,0.31395198825923787,0.9990374442700641,2.060402120919716
melona,B06,CmATH,M.15.C,16,26,0.390003082390706,0.9998224534278354,2.454726337962112
melona,B07,CmATH,M.M.A,18,22,0.34223289109673016,0.9984089425027497,2.1990387946581187
melona,B08,CmEREBP,M.15.B,22,26,0.31157284616094877,0.9976871470819189,2.04914573353574
melona,B09,CmEREBP,M.30.C,16,20,0.37265189807980076,0.998562332843111,2.3585869869810665
melona,B10,CmCYP,M.15.A,19,23,0.28138008272743376,0.9992441746559846,1.9115254418506553
melona,B11,CmCYP,M.30.B,15,19,0.3078072924501554,0.9981731544228233,2.031455402289366
melona,B12,CmCYP,M.M.C,15,19,0.3818972992830274,0.9992370004940823,2.409335608520668
melona,C01,CmACS,M.15.B,31,35,0.3109983991825076,0.999376255142784,2.0464370935057974
melona,C02,CmACS,M.30.C,23,27,0.30940024890823936,0.9984137959767931,2.0389202956459265
melona,C03,CmACO,M.15.A,22,26,0.32080107614524156,0.9982385354671988,2.0931534900995272
melona,C04,CmACO,M.30.B,14,18,0.3663771717397378,0.998852233035144,2.32475489984603
melona,C05,CmACO,M.M.C,18,22,0.2970485528060012,0.9988552204573542,1.981748566900829
melona,C06,CmATH,M.30.A,19,23,0.3586643636057654,0.997934184655633,2.2838331033303687
melona,C07,CmATH,M.M.B,20,24,0.29193408599325127,0.9981389409004567,1.9585473970983411
melona,C08,CmEREBP,M.15.C,23,27,0.3288734526520896,0.9987335727295122,2.1324234641880695
melona,C09,CmEREBP,M.M.A,16,20,0.30302026270024696,0.9990831154554042,2.009186552218205
melona,C10,CmCYP,M.15.B,16,20,0.3451821474164935,0.9989823468107357,2.2140230981679836
melona,C11,CmCYP,M.30.C,15,19,0.3077836132041376,0.9982484748883456,2.0313446432931257
melona,D01,CmACS,M.15.B,31,35,0.3109983991825076,0.999376255142784,2.0464370935057974
melona,D02,CmACS,M.30.C,24,28,0.2775187948356792,0.9994718097869357,1.894605504872521
melona,D03,CmACO,M.15.A,23,27,0.3011403620348482,0.9970073999454858,2.0005083205071434
melona,D04,CmACO,M.30.B,16,20,0.35127562986362043,0.9967143617394841,2.245306480618851
melona,D05,CmACO,M.M.C,18,22,0.30577182077438914,0.9889395357570382,2.021956559362636
melona,D06,CmATH,M.30.A,20,24,0.3061395571268842,0.9992553178025536,2.0236693644913
melona,D07,CmATH,M.M.B,19,23,0.30864920771631327,0.9987921436015526,2.035397363906952
melona,D08,CmEREBP,M.15.C,24,28,0.3010664162162098,0.9986645265241934,2.0001677298742147
melona,D09,CmEREBP,M.M.A,17,21,0.30158767052702184,0.996845875969301,2.002569837255711
melona,D10,CmCYP,M.15.B,19,23,0.281018724901046,0.9977396219994128,1.9099356049595904
melona,D11,CmCYP,M.30.C,15,19,0.29792291485517114,0.9997945925269197,1.985742426514357
melona,E01,CmACS,M.15.C,32,36,0.279695757420081,0.9996212706498266,1.9041263255274314
melona,E02,CmACS,M.M.A,16,20,0.3446203722793961,0.9987415572567995,2.2111610331648386
melona,E03,CmACO,M.15.B,21,25,0.3127803540234783,0.9988950164884857,2.054851084904558
melona,E04,CmACO,M.30.C,17,21,0.3079739293968373,0.997793353509378,2.0322350126492887
melona,E05,CmATH,M.15.A,23,27,0.2911884215146572,0.9983871266363038,1.9551875427507026
melona,E06,CmATH,M.30.B,20,24,0.29384495143437295,0.9990880159402857,1.9671838550679854
melona,E07,CmATH,M.M.C,21,25,0.295843012822894,0.9974957815414998,1.976255141519274
melona,E08,CmEREBP,M.30.A,19,23,0.26979823640870315,0.998002506841196,1.861222253165848
melona,E09,CmEREBP,M.M.B,14,18,0.35208439181523316,0.999384642085781,2.2494916830977063
melona,E10,CmCYP,M.15.C,19,23,0.2778494395545346,0.996955957632844,1.8960484885110498
melona,E11,CmCYP,M.M.A,16,20,0.26921883180541983,0.9982087205959584,1.858740799351914
melona,F01,CmACS,M.15.C,32,36,0.279695757420081,0.9996212706498266,1.9041263255274314
melona,F02,CmACS,M.M.A,18,22,0.3059164365184075,0.9985820451280459,2.022629962903473
melona,F03,CmACO,M.15.B,20,24,0.339334790644519,0.998607447366465,2.1844131920169008
melona,F04,CmACO,M.30.C,18,22,0.28235872412017815,0.9974425397617829,1.9158377398486572
melona,F05,CmATH,M.15.A,23,27,0.2874943301480931,0.9987193970301067,1.9386273263937122
melona,F06,CmATH,M.30.B,18,22,0.3531183106430142,0.9986770831972114,2.2548533963809385
melona,F07,CmATH,M.M.C,22,26,0.2805026744414107,0.9939770391778588,1.9076674716161315
melona,F08,CmEREBP,M.30.A,17,21,0.30494892657537365,0.9993003709900045,2.0181290159245924
melona,F09,CmEREBP,M.M.B,16,20,0.31861529404695726,0.9986176335183242,2.08264522073194
melona,F10,CmCYP,M.15.C,18,22,0.2902988449965194,0.9986203902531757,1.9511867808263412
melona,F11,CmCYP,M.M.A,14,18,0.30218055239750047,0.9998031011918661,2.005305534319481
melona,G01,CmACS,M.30.A,23,27,0.28549910128476874,0.9995940920344115,1.9297413428399617
melona,G02,CmACS,M.M.B,14,18,0.31145200726944855,0.9992361891086629,2.048575654790003
melona,G03,CmACO,M.15.C,25,29,0.2958439930600753,0.999031545679774,1.9762596020893166
melona,G04,CmACO,M.M.A,16,20,0.2910811395743899,0.9981866695252549,1.9547046206403949
melona,G05,CmATH,M.15.B,23,27,0.32354081845430943,0.9991106331382735,2.10639986592348
melona,G06,CmATH,M.30.C,19,23,0.3014985154461685,0.9990442395188143,2.002158777574924
melona,G07,CmEREBP,M.15.A,22,26,0.28541173295491545,0.9974573459627776,1.9293531700041955
melona,G08,CmEREBP,M.30.B,18,22,0.28573804907363015,0.9978756835085965,1.9308033740642496
melona,G09,CmEREBP,M.M.C,16,20,0.3132714769447171,0.998719791069518,2.0571761324104734
melona,G10,CmCYP,M.30.A,17,21,0.2883427630013685,0.9963608509938204,1.9424183089090434
melona,G11,CmCYP,M.M.B,15,19,0.29970980012895865,0.9992242964562607,1.9939295062903764
melona,H01,CmACS,M.30.A,25,29,0.27959666463285243,0.998309843731041,1.9036919113954973
melona,H02,CmACS,M.M.B,15,19,0.29900071130335687,0.9989488727659798,1.990676599387323
melona,H03,CmACO,M.15.C,25,29,0.2927421837005299,0.998377157042849,1.9621950857394588
melona,H04,CmACO,M.M.A,16,20,0.28541347078794105,0.9972158133122571,1.9293608903425947
melona,H05,CmATH,M.15.B,24,28,0.3380506937866132,0.9978864969003195,2.177963984189736
melona,H06,CmATH,M.30.C,21,25,0.2828334851950191,0.99765545462701255,1.9179332362501662
melona,H07,CmEREBP,M.15.A,21,25,0.29811115496274904,0.9993758941769487,1.986603311016027
melona,H08,CmEREBP,M.30.B,18,22,0.29453753385295134,0.9969977374459783,1.9703234848495512
melona,H09,CmEREBP,M.M.C,14,18,0.4054283844824038,0.9993717605185606,2.5434803365449796
melona,H10,CmCYP,M.30.A,15,19,0.30956668066216353,0.9985738524640224,2.039701807097409
melona,H11,CmCYP,M.M.B,15,19,0.3143222329940285,0.9988543727676129,2.062159403903467
tacapa,A01,CmACS,T.15.A,26,30,0.2969777823337317,0.9975301824855203,1.981425657305382
tacapa,A02,CmACS,T.30.B,26,30,0.30387757064454546,0.9982891597959532,2.013156652931389
tacapa,A03,CmACS,T.M.C,25,29,0.2762865027636923,0.9980927304963371,1.8892372622290745
tacapa,A04,CmACO,T.30.A,21,25,0.3048283892664804,0.9984863364297448,2.017568967165588
tacapa,A05,CmACO,T.M.B,19,23,0.3232843400407797,0.9987759354240446,2.105156270563657
tacapa,A06,CmATH,T.15.C,19,23,0.30116248008174257,0.9993299657876163,2.000610206359803
tacapa,A07,CmATH,T.M.A,22,26,0.3143281633097404,0.9979082410716449,2.0621875629990094
tacapa,A08,CmEREBP,T.15.B,20,24,0.3038512823742771,0.9992892869022426,2.0130347982758505
tacapa,A09,CmEREBP,T.30.C,22,26,0.2875576919178779,0.9982115109195075,1.938910184740887
tacapa,A10,CmCYP,T.15.A,17,21,0.31329683503220634,0.9984473687533785,2.0572962526917933
tacapa,A11,CmCYP,T.30.B,19,23,0.3040408118033248,0.9990467093317923,2.01391349375816
tacapa,A12,CmCYP,T.M.C,17,21,0.31904000591679726,0.9984938595247104,2.0846829090458954
tacapa,B01,CmACS,T.15.A,26,30,0.2969777823337317,0.9975301824855203,1.981425657305382
tacapa,B02,CmACS,T.30.B,26,30,0.29578839548325236,0.9987161942906192,1.976006621181397
tacapa,B03,CmACS,T.M.C,24,28,0.2916615774750572,0.9986219864392073,1.9573188449102414
tacapa,B04,CmACO,T.30.A,22,26,0.2870899378840628,0.9986057151932038,1.9368230183825235
tacapa,B05,CmACO,T.M.B,19,23,0.3398578836779911,0.9988339977976617,2.1870458290625825
tacapa,B06,CmATH,T.15.C,20,24,0.28115974696761953,0.9991300202210356,1.9105558909910758
tacapa,B07,CmATH,T.M.A,22,26,0.309193095601261,0.9984346835608461,2.0379479868024997
tacapa,B08,CmEREBP,T.15.B,21,25,0.295446997538652,0.9970407914891404,1.9744538970645806
tacapa,B09,CmEREBP,T.30.C,20,24,0.3177592344513156,0.9996207361669445,2.078544057804239
tacapa,B10,CmCYP,T.15.A,19,23,0.26884386514778325,0.998016035717175,1.857136668829957
tacapa,B11,CmCYP,T.30.B,19,23,0.3104037655040353,0.9982854654634841,2.0436370401448776
tacapa,B12,CmCYP,T.M.C,18,22,0.2934339179941482,0.9992183698906817,1.9653229153908007
tacapa,C01,CmACS,T.15.B,25,29,0.26996491639882236,0.9997609629300326,1.8619367177961088
tacapa,C02,CmACS,T.30.C,26,30,0.3029013462680027,0.9985245637079182,2.0086364817044102
tacapa,C03,CmACO,T.15.A,21,25,0.34595756711643455,0.9987801135921447,2.2179797007852478
tacapa,C04,CmACO,T.30.B,23,27,0.2924405462605936,0.9987637592889105,1.9608327244072399
tacapa,C05,CmACO,T.M.C,20,24,0.30304144334246663,0.9988534566104427,2.009284543100049
tacapa,C06,CmATH,T.30.A,21,25,0.3522337943994169,0.9994131387069218,2.2502656687203015
tacapa,C07,CmATH,T.M.B,22,26,0.3068853475933853,0.9989529864174478,2.027147488176655
tacapa,C08,CmEREBP,T.15.C,20,24,0.32556643705581556,0.9978142068918612,2.116247397603893
tacapa,C09,CmEREBP,T.M.A,21,25,0.29103205996949333,0.9979302279162676,1.9544837320180368
tacapa,C10,CmCYP,T.15.B,17,21,0.28928876173086693,0.9985530214014092,1.9466539786464891
tacapa,C11,CmCYP,T.30.C,18,22,0.3193315765099652,0.9986178502024732,2.0860829644054295
tacapa,D01,CmACS,T.15.B,26,30,0.27395176712540953,0.9994964873474285,1.8791081109071963
tacapa,D02,CmACS,T.30.C,24,28,0.33843736116674944,0.9987889275874636,2.1799039642510856
tacapa,D03,CmACO,T.15.A,22,26,0.31429040781373485,0.9990028510506923,2.0620082940161004
tacapa,D04,CmACO,T.30.B,23,27,0.28909445672016404,0.9985373875487495,1.9457832330199931
tacapa,D05,CmACO,T.M.C,19,23,0.3233699753309469,0.9987679587016094,2.1055714115575337
tacapa,D06,CmATH,T.30.A,24,28,0.2826082732165193,0.9987497629928755,1.9169389119374924
tacapa,D07,CmATH,T.M.B,21,25,0.3290505815085209,0.9982801074276338,2.133293359574568
tacapa,D08,CmEREBP,T.15.C,20,24,0.3110373803968092,0.9985675573411592,2.0466207849557816
tacapa,D09,CmEREBP,T.M.A,21,25,0.2987702118254853,0.9979343061853375,1.9896203387361928
tacapa,D10,CmCYP,T.15.B,17,21,0.3027658985697427,0.9971900172206563,2.0080101261369134
tacapa,D11,CmCYP,T.30.C,18,22,0.3114620145160072,0.9991387952545806,2.0486228597136678
tacapa,E01,CmACS,T.15.C,26,30,0.28587170472596957,0.9990966071779893,1.931397677029617
tacapa,E02,CmACS,T.M.A,26,30,0.29424007826179016,0.9991197714836921,1.9689744392183228
tacapa,E03,CmACO,T.15.B,20,24,0.29964215859730936,0.9993623959367378,1.9936189751905038
tacapa,E04,CmACO,T.30.C,23,27,0.30926140879691905,0.9986009073931081,2.0382685750099956
tacapa,E05,CmATH,T.15.A,25,29,0.3075483525298997,0.9990613306944149,2.030244546207336
tacapa,E06,CmATH,T.30.B,24,28,0.2946299322147935,0.9979908924783168,1.970742725797313
tacapa,E07,CmATH,T.M.C,22,26,0.2946720416102296,0.9987104628798139,1.9709338191948813
tacapa,E08,CmEREBP,T.30.A,20,24,0.2895600288618628,0.9997536512658758,1.9478702690081322
tacapa,E09,CmEREBP,T.M.B,19,23,0.2918704858544816,0.9971630974432124,1.9582605991512907
tacapa,E10,CmCYP,T.15.C,17,21,0.2867441325318223,0.9986084658289531,1.9352814441366788
tacapa,E11,CmCYP,T.M.A,19,23,0.3171290980461338,0.9977760689600548,2.075530396344973
tacapa,F01,CmACS,T.15.C,26,30,0.2940036185270987,0.9988016240385867,1.967902686137904
tacapa,F02,CmACS,T.M.A,26,30,0.30058973377382986,0.9987049088751131,1.9979735463920039
tacapa,F03,CmACO,T.15.B,21,25,0.2872620226125413,0.9986738255866482,1.9375906166798331
tacapa,F04,CmACO,T.30.C,24,28,0.2870491963535163,0.9991148306682542,1.9366413319087041
tacapa,F05,CmATH,T.15.A,26,30,0.29208939131307854,0.998314359810997,1.9592479061670276
tacapa,F06,CmATH,T.30.B,23,27,0.3128991057745635,0.9988285741584376,2.0554130320148762
tacapa,F07,CmATH,T.M.C,22,26,0.2962215867712378,0.9977760923105229,1.9779785916719188
tacapa,F08,CmEREBP,T.30.A,20,24,0.31270359330010955,0.998110189229807,2.0544879259797204
tacapa,F09,CmEREBP,T.M.B,19,23,0.28257067503058625,0.9991143701052233,1.9167729639254423
tacapa,F10,CmCYP,T.15.C,17,21,0.2866723357806729,0.9990748168765162,1.9349615334736414
tacapa,F11,CmCYP,T.M.A,20,24,0.28451256958862076,0.9981791896209815,1.9253627691744575
tacapa,G01,CmACS,T.30.A,25,29,0.30384594911144475,0.9991543461274182,2.0130100777735263
tacapa,G02,CmACS,T.M.B,26,30,0.29327316727645797,0.9983493529154484,1.964595601044093
tacapa,G03,CmACO,T.15.C,20,24,0.3102444343110263,0.9986441663392157,2.0428874211219537
tacapa,G04,CmACO,T.M.A,23,27,0.3077210204393799,0.9983642731857487,2.0310518965036506
tacapa,G05,CmATH,T.15.B,19,23,0.30862275064649125,0.9988443555777926,2.0352733719794274
tacapa,G06,CmATH,T.30.C,24,28,0.28074931194319186,0.9985954219068114,1.9087511509728246
tacapa,G07,CmEREBP,T.15.A,20,24,0.3088537469722007,0.9989601382386712,2.0363561988256387
tacapa,G08,CmEREBP,T.30.B,21,25,0.2893577776047981,0.9988960608865645,1.9469633555942838
tacapa,G09,CmEREBP,T.M.C,20,24,0.31480512378609604,0.9974202301962499,2.0644535882577184
tacapa,G10,CmCYP,T.30.A,19,23,0.29263138367267205,0.9984080865200645,1.9616945416434786
tacapa,G11,CmCYP,T.M.B,19,23,0.28872222676159165,0.9988531440574268,1.9441162339109526
tacapa,H01,CmACS,T.30.A,25,29,0.30384594911144475,0.9991543461274182,2.0130100777735263
tacapa,H02,CmACS,T.M.B,27,31,0.28839302007087503,0.9978908939701646,1.942643100852328
tacapa,H03,CmACO,T.15.C,20,24,0.3144689647046176,0.9979233855452664,2.0628562474303718
tacapa,H04,CmACO,T.M.A,22,26,0.3230308262866934,0.9991493569364626,2.1039277715716707
tacapa,H05,CmATH,T.15.B,19,23,0.30698905954878136,0.9992548384228982,2.027631640160647
tacapa,H06,CmATH,T.30.C,20,24,0.3674863991992501,0.9987592016498884,2.330700123601463
tacapa,H07,CmEREBP,T.15.A,20,24,0.32047253485355814,0.9979540923467641,2.091570630243418
tacapa,H08,CmEREBP,T.30.B,20,24,0.3058123223329136,0.9993954018355408,2.0221451323563677
tacapa,H09,CmEREBP,T.M.C,21,25,0.28783232637011363,0.9981988830231401,1.940136679572928
tacapa,H10,CmCYP,T.30.A,19,23,0.2934539187184578,0.9995430178444936,1.965413427217665
tacapa,H11,CmCYP,T.M.B,20,24,0.2679270013158997,0.9981967881143097,1.853220097470378
