Cycle,A1,A2,A3,A4,A5,A6,A7,A8,A9,A10,A11,A12,B1,B2,B3,B4,B5,B6,B7,B8,B9,B10,B11,B12,C1,C2,C3,C4,C5,C6,C7,C8,C9,C10,C11,C12,D1,D2,D3,D4,D5,D6,D7,D8,D9,D10,D11,D12,E1,E2,E3,E4,E5,E6,E7,E8,E9,E10,E11,E12,F1,F2,F3,F4,F5,F6,F7,F8,F9,F10,F11,F12,G1,G2,G3,G4,G5,G6,G7,G8,G9,G10,G11,G12,H1,H2,H3,H4,H5,H6,H7,H8,H9,H10,H11,H12
1,-32.7740240000000,-19.5292010000000,-37.6066170000000,-40.0389540000000,-31.8522070000000,-23.6036470000000,-46.4895170000000,-26.5241890000000,-39.8968740000000,-21.4653120000000,-15.487571000000,-45.4104440000000,-28.2503750000000,-13.1604360000000,-39.5008090000000,-33.8151390000000,-31.9664210000000,-28.8170150000000,-44.722935000000,-17.4156750000000,-18.142917000000,-11.1019810000000,-5.34444000000000,-38.7877750000000,-17.658687000000,-32.4514600000000,-17.8638700000000,-12.1956540000000,-46.5728800000000,-37.7961370000000,-25.8455160000000,-14.692105000000,-38.742739000000,-9.05263800000000,-26.3898290000000,-13.460560000000,-20.3112420000000,-34.9810820000000,-20.4003990000000,-18.6995390000000,-35.4681830000000,-37.5505690000000,-23.1858770000000,-11.3732450000000,-25.0837290000000,-5.93100900000000,-19.7645680000000,-34.8636790000000,-29.8151970000000,-44.8467460000000,-23.6642070000000,-38.5110030000000,-28.9628580000000,-20.636126000000,-33.9111550000000,-27.334223000000,-24.0442810000000,-18.6215790000000,-18.9492360000000,-21.6914940000000,-29.8151970000000,-11.0716910000000,-22.0501140000000,-22.7598220000000,-20.5376930000000,-15.1133510000000,-31.5859340000000,-28.8246430000000,-13.6131870000000,-17.283067000000,-29.1151050000000,-21.2070880000000,-40.5455930000000,-24.0189750000000,-18.4992190000000,-32.3785240000000,-17.4858650000000,-22.5452240000000,-16.1295380000000,-5.42054500000000,-18.9362300000000,-34.0516570000000,-19.975457000000,-14.7237000000000,-46.3914520000000,-27.6937840000000,-27.5782510000000,-42.0024360000000,-24.976677000000,-22.2450420000000,-20.3613610000000,-19.6592310000000,-40.8150050000000,-37.8611010000000,-32.3846980000000,-22.1870140000000
2,-15.3651280000000,-11.3385530000000,-20.614966000000,-15.1517540000000,-16.9197530000000,-17.0598440000000,-24.411038000000,-11.5221410000000,-13.3344910000000,-0.275436000000000,-2.47160800000000,-15.0603500000000,-14.5853970000000,-10.9562450000000,-23.6385550000000,-15.2667960000000,-17.786204000000,-17.8466320000000,-27.4653610000000,-8.81999900000000,-9.43493900000000,-2.38389200000000,3.77044700000000,-20.4321830000000,-10.6490870000000,-18.5586170000000,-13.5186690000000,-12.0506410000000,-21.1373180000000,-25.8850960000000,-11.5456530000000,-10.1559540000000,-15.719911000000,0.0421910000000000,-11.6614420000000,-1.09248100000000,-12.069683000000,-14.175774000000,-12.7367100000000,-12.6079530000000,-18.1391310000000,-21.7980370000000,-16.1889410000000,-6.80435800000000,-6.57386400000000,-1.50924200000000,-7.15263100000000,-16.4029180000000,-14.2058930000000,-24.0941510000000,-16.1057440000000,-20.0752000000000,-13.7553270000000,-7.8971260000000,-21.25418700000,-15.4623600000000,-11.2786670000000,-1.61377400000000,-9.00449700000000,-11.0716910000000,-14.2058930000000,-24.0941510000000,-14.1848340000000,-17.3320300000000,-11.7476900000000,-11.7095100000000,-19.6258610000000,-9.64213000000000,-0.545639000000000,-6.94360000000000,-14.6746730000000,-9.40959200000000,-17.4223470000000,-17.0838650000000,-10.9969400000000,-20.1261570000000,-10.0271480000000,-9.32609900000000,-2.50538700000000,-0.107354000000000,-15.7482250000000,-12.6191920000000,-8.74889000000000,-6.20467200000000,-19.568641000000,-13.5463810000000,-12.3805850000000,-19.4030530000000,-10.1722300000000,-6.56484700000000,-9.4775640000000,-5.01556600000000,-13.8990320000000,-12.9988340000000,-19.7895790000000,-10.2860980000000
3,-5.59576900000000,1.85579900000000,-10.7539390000000,-3.77591200000000,-7.56997900000000,-8.37679800000000,-15.1187910000000,-4.61438000000000,-3.52501000000000,1.23366000000000,0.747744000000000,-2.96166000000000,-6.45512100000000,0.912251000000000,-6.39493100000000,-4.60134400000000,-2.90003500000000,-10.6197240000000,-13.0115100000000,-2.88214300000000,-3.04082800000000,-1.91494500000000,3.26563200000000,-7.17847500000000,-3.74638000000000,-13.1929470000000,-4.37804300000000,-1.04134000000000,-8.57480800000000,-8.67946500000000,-5.74548500000000,-1.74518300000000,-6.68869500000000,5.14742000000000,3.75569300000000,0.494726000000000,-2.14539900000000,-6.48232900000000,-0.673313000000000,-3.38704200000000,-13.88911400000,-8.78939600000000,-10.8988790000000,-4.30161200000000,-0.685399000000000,1.73792800000000,-0.674468000000000,-13.3505050000000,-10.2281780000000,-8.86715600000000,-0.846923000000000,-6.2569090000000,0.87155400000000,-3.16384800000000,-10.7923620000000,-6.66206800000000,-2.21285200000000,6.68025000000000,-2.6229950000000,-5.98566200000000,-10.2281780000000,-8.86715600000000,-7.4991690000000,-2.38092000000000,-3.35451900000000,-4.11866700000000,-5.56741100000000,-4.34441900000000,1.62653000000000,-2.63219000000000,-5.64607800000000,-7.26731300000000,-8.96568300000000,-6.16818600000000,-5.87496700000000,-10.0760430000000,-5.19818100000000,-6.54963100000000,-0.626612000000000,3.60098000000000,-6.36286000000000,-3.56190200000000,-1.62766400000000,-3.16211400000000,-12.0015130000000,-6.85378400000000,-8.90511600000000,-13.6301760000000,-2.69859800000000,-1.62754000000000,-2.55495100000000,-1.67385900000000,-6.08124400000000,-3.26360000000000,-8.40289100000000,-7.49401800000000
4,-0.733562000000000,2.44093100000000,-4.27881800000000,0.431757000000000,-3.75094200000000,-0.599496000000000,-4.23702000000000,1.68899600000000,1.93595100000000,3.75040900000000,5.3842020000000,-0.368232000000000,0.0937250000000000,0.441589000000000,-1.5313920000000,4.02351700000000,-0.640386000000000,0.286016000000000,-3.4340570000000,4.20791800000000,0.0105400000000000,6.00208300000000,8.62658100000000,1.07840700000000,2.44273500000000,0.87740700000000,0.0477350000000000,-0.568288000000000,-6.19611000000000,-2.28758800000000,-2.00778500000000,1.82979200000000,5.44256100000000,2.73604700000000,2.79238700000000,6.61445400000000,-2.24774600000000,-2.0817690000000,3.38135900000000,1.88782300000000,1.40026600000000,-3.86600700000000,0.704513000000000,5.06808000000000,1.19759400000000,5.64264800000000,5.60320900000000,-12.0264690000000,0.361280000000000,0.129905000000000,0.646993000000000,-0.58157300000000,-0.477058000000000,-0.139112000000000,0.407275000000000,2.72194800000000,0.706487000000000,3.37053300000000,-1.56265600000000,-0.224296000000000,0.361280000000000,0.129905000000000,2.10448200000000,4.28625900000000,2.70516900000000,4.09833200000000,1.76108800000000,1.21874900000000,5.7192930000000,4.07104100000000,0.661121000000000,-4.3105350000000,-4.66495500000000,-1.25356200000000,1.99138300000000,-3.0843640000000,-1.23291300000000,2.81779500000000,3.42585800000000,9.97927100000000,0.504068000000000,0.321028000000000,-0.00851200000000000,0.735490000000000,-3.28085500000000,-0.13246000000000,-0.908297000000000,-0.858150000000000,1.97317900000000,4.00957500000000,3.02798200000000,1.24403400000000,-5.375132000000,5.03771400000000,2.00712700000000,-5.66451300000000
5,5.9961090000000,4.85926300000000,3.49375100000000,7.86157300000000,1.44963300000000,0.270373000000000,-0.638205000000000,3.95173400000000,7.38824200000000,5.60558200000000,2.8993660000000,7.28894600000000,5.55832400000000,6.89249900000000,3.29623400000000,8.10927200000000,0.0671350000000000,1.1677650000000,0.991675000000000,7.56862700000000,7.51483200000000,6.56551400000000,9.5292170000000,2.11158700000000,3.89313000000000,4.56779400000000,6.38605900000000,6.433506000000,0.672995000000000,-4.02142100000000,0.99332700000000,5.02222900000000,5.65674400000000,2.80892600000000,7.64903400000000,5.31903300000000,5.39676900000000,1.88846300000000,6.82796100000000,4.3858970000000,2.58221100000000,9.53911200000000,-0.779876000000000,4.04296300000000,8.0250370000000,3.37223200000000,4.99579300000000,-6.43026200000000,-0.710143000000000,0.602850000000000,3.29131900000000,4.35946800000000,1.654664000000,4.76301500000000,0.939971000000000,7.03045000000000,2.03930500000000,6.93114400000000,7.06410900000000,2.23281200000000,-0.710143000000000,0.602850000000000,5.56230500000000,4.3283710000000,2.2665380000000,1.41879400000000,3.30700600000000,4.96533100000000,5.4149520000000,4.6964260000000,6.3055110000000,1.84002800000000,4.72877200000000,5.32113400000000,4.56558600000000,2.66022500000000,5.63524100000000,1.04795800000000,2.41073600000000,4.58213500000000,4.53834200000000,12.9941610000000,4.95581500000000,2.87075600000000,6.47212000000000,5.17190500000000,11.0324550000000,2.37905400000000,1.40339700000000,5.58711500000000,7.15061600000000,4.32115300000000,0.144217000000000,1.7810820000000,5.00572100000000,1.28685700000000
6,4.0941750000000,2.20734500000000,6.07319900000000,9.32452000000000,5.99298700000000,4.60172000000000,7.01890800000000,8.22019500000000,10.620903000000,3.13625600000000,4.12699000000000,1.57262100000000,5.9177840000000,4.31132400000000,3.30427400000000,7.83001300000000,1.02679200000000,5.25816500000000,5.62768700000000,-1.81921500000000,9.25678200000000,7.35103500000000,3.63021700000000,9.92751100000000,2.04274000000000,4.64443400000000,4.18278400000000,1.38739700000000,9.00659500000000,8.21943600000000,5.1624360000000,6.67862000000000,9.18061100000000,4.44593100000000,5.086649000000,1.32046700000000,4.9739670000000,7.05009700000000,3.30530800000000,6.28187600000000,3.27906100000000,5.95868100000000,5.82126100000000,6.37527200000000,5.44552400000000,9.07812400000000,10.0080000000000,-7.38274700000000,4.18590400000000,6.0023800000000,8.45153600000000,8.37350200000000,1.25681100000000,2.87489700000000,4.15709800000000,10.4744260000000,4.7793330000000,4.76433800000000,9.33034900000000,2.4337430000000,4.18590400000000,6.0023800000000,2.77019000000000,5.34150600000000,2.71126800000000,4.48015000000000,3.53531400000000,5.01413800000000,3.97945600000000,10.8659310000000,9.46729800000000,-2.08537700000000,4.07929000000000,4.86332700000000,5.85941300000000,6.0910630000000,3.37867900000000,3.95286400000000,5.24512000000000,7.00014300000000,3.85661000000000,7.50028700000000,9.19460800000000,2.67737200000000,4.8278100000000,4.2144900000000,5.2746920000000,5.9406900000000,3.1149040000000,4.46220100000000,5.83608800000000,6.87379500000000,10.0554800000000,15.2992590000000,5.9510160000000,-4.73695200000000
7,4.43961300000000,7.35448800000000,7.48073600000000,10.5374370000000,6.49667500000000,2.25402300000000,7.03887800000000,5.17066700000000,7.980742000000,7.4089560000000,7.56513700000000,5.11918000000000,5.71118900000000,4.46092700000000,6.69961000000000,8.47292600000000,4.90666800000000,8.18194700000000,10.3532990000000,8.66932900000000,8.73818000000000,5.47051900000000,1.04775100000000,7.92222000000000,2.80894300000000,9.53723000000000,5.86159000000000,5.2929830000000,7.08893400000000,9.4374670000000,6.92840100000000,7.35088400000000,9.76797200000000,0.0221290000000000,7.2839170000000,1.80428200000000,6.57657200000000,6.18799900000000,9.52234500000000,8.69712200000000,10.0325510000000,5.1228370000000,1.41340000000000,7.91633900000000,6.7117650000000,2.26004900000000,4.6580430000000,-1.19176400000000,10.1302080000000,6.28421800000000,4.90084300000000,6.91986700000000,5.57054900000000,1.81284700000000,11.1606850000000,6.79343200000000,5.87285600000000,1.2973280000000,8.70476300000000,2.36481600000000,10.1302080000000,6.28421800000000,9.66307300000000,9.49063700000000,7.07195600000000,1.98642900000000,7.36040700000000,8.11638300000000,1.9893500000000,6.45626000000000,10.6314940000000,2.39655600000000,10.329783000000,4.82828700000000,7.57208400000000,11.4968400000000,7.29207000000000,6.46265500000000,8.64933400000000,6.06755600000000,11.2972550000000,10.3805560000000,5.66524400000000,5.10569100000000,5.53139800000000,4.99716200000000,4.44172200000000,6.42949500000000,5.12293800000000,7.36689900000000,5.68145400000000,5.53456400000000,6.79529100000000,6.58045000000000,14.4163410000000,-2.63940800000000
8,4.57916400000000,4.82472600000000,6.88066600000000,10.1432590000000,3.5600800000000,9.21876200000000,8.39979600000000,5.44639600000000,7.67504300000000,6.52489700000000,3.32392000000000,8.33667100000000,5.20687100000000,6.84457500000000,6.00701200000000,4.84452200000000,6.8696840000000,5.90510000000000,4.29189800000000,3.55149000000000,9.01150800000000,2.81379800000000,0.980206000000000,13.4247170000000,3.99321900000000,6.09149700000000,6.18511800000000,3.71602600000000,9.18763300000000,13.704610000000,8.09560700000000,5.17410800000000,6.80290700000000,3.57793700000000,2.53207700000000,2.69519400000000,7.22280100000000,8.38451600000000,8.29620100000000,6.77075100000000,5.42278300000000,11.9278220000000,7.78288000000000,7.18269200000000,4.68356900000000,0.734209000000000,6.39446600000000,-1.65909600000000,7.1248980000000,7.7806240000000,6.15958100000000,9.37512800000000,6.42798800000000,8.02086100000000,9.15436500000000,5.19645300000000,6.99532400000000,6.01694800000000,9.84038200000000,3.06921600000000,7.1248980000000,7.7806240000000,6.68565400000000,4.7590140000000,7.86721400000000,5.51523100000000,5.1471530000000,8.54916200000000,1.3377710000000,3.77818100000000,8.99414200000000,1.294011000000,12.4386410000000,8.32441900000000,7.29874300000000,5.65993000000000,2.12556200000000,4.99035500000000,8.04275300000000,4.11931900000000,2.93210500000000,8.96285800000000,5.69878000000000,2.63541800000000,10.5913220000000,6.62978100000000,5.93707200000000,12.8352850000000,4.67127900000000,1.90786400000000,6.57257000000000,2.04790800000000,11.6752960000000,8.97856200000000,6.17421000000000,-3.75727600000000
9,7.17751500000000,3.54989900000000,7.56705700000000,3.87953900000000,5.46204100000000,6.48208100000000,8.53071800000000,1.98426400000000,1.89992800000000,6.07147600000000,3.11911700000000,10.7493930000000,5.7180000000000,0.158895000000000,5.92441900000000,1.57142400000000,4.92511100000000,8.72799700000000,6.32020000000000,7.31220500000000,0.512259000000000,-0.0751760000000000,-0.546849000000000,7.31376500000000,4.86544800000000,7.43472200000000,4.74302500000000,1.361113000000,12.9020690000000,9.79599400000000,5.07151100000000,1.59982400000000,6.73026800000000,0.986262000000000,1.92184100000000,2.73646500000000,4.23122900000000,7.10369900000000,-1.28816100000000,-0.2507390000000,4.9575160000000,7.81141300000000,8.80696300000000,0.433616000000000,2.42654800000000,3.52821000000000,3.97814800000000,2.44920400000000,5.23638700000000,7.64643400000000,5.32126600000000,5.94182500000000,-1.35855600000000,3.46262800000000,4.28289300000000,8.31263300000000,3.15358800000000,3.33128600000000,5.71162200000000,0.0423840000000000,5.23638700000000,7.64643400000000,2.56861900000000,5.23960100000000,2.94243500000000,1.95597200000000,6.4290510000000,8.38821500000000,5.40317900000000,3.05501000000000,5.34316900000000,2.95912700000000,7.24876600000000,3.67988600000000,3.92018200000000,7.85403700000000,3.42202800000000,9.56230400000000,4.92063700000000,-4.13733100000000,5.10307000000000,4.52226200000000,6.21068600000000,5.58902700000000,8.22062600000000,3.50274200000000,3.40487500000000,8.54884900000000,2.41612200000000,3.14863300000000,0.493726000000000,5.42817600000000,11.5997020000000,4.91835000000000,2.30749000000000,-2.30067500000000
10,4.04698700000000,1.48396900000000,9.837192000000,7.57759800000000,9.52802000000000,5.9864150000000,10.4839020000000,3.94881000000000,0.721974000000000,0.681560000000000,0.659334000000000,3.54273700000000,0.247054000000000,1.44506000000000,4.63615900000000,2.73954600000000,5.38141800000000,5.23563400000000,10.315387000000,0.142514000000000,-2.23160800000000,1.3371020000000,-3.45270400000000,1.39911500000000,6.23967900000000,5.61426200000000,3.95306800000000,4.84229900000000,6.62503100000000,5.1752010000000,7.956519000000,2.86067500000000,-1.76581100000000,-0.899554000000000,-5.0427450000000,0.351384000000000,2.71716500000000,5.72005200000000,1.98378000000000,0.883559000000000,2.76557800000000,3.71641900000000,6.10408800000000,1.26288000000000,0.914092000000000,-3.67670600000000,-3.31424100000000,4.21095400000000,5.54942800000000,5.88516000000000,2.90997200000000,3.1449750000000,4.99782200000000,4.64434600000000,8.09388000000000,0.833098000000000,3.21208100000000,-2.06560600000000,1.10432300000000,6.34294100000000,5.54942800000000,5.88516000000000,5.6346620000000,4.92845000000000,4.00388900000000,3.1507120000000,5.2763870000000,1.16305300000000,-1.98657700000000,-0.7020940000000,3.75662100000000,1.81661200000000,3.06167900000000,7.19506400000000,6.38827900000000,8.69658900000000,3.97977700000000,5.20227100000000,-0.483684000000000,-1.52185300000000,7.25184300000000,4.78828900000000,-1.10168700000000,5.07228600000000,10.47931300000,2.08128700000000,6.30079300000000,6.36002100000000,5.49091800000000,4.21592300000000,1.94938600000000,4.29401400000000,7.34355700000000,0.744357000000000,7.48747200000000,3.61887900000000
11,9.29689200000000,2.81808300000000,9.55392500000000,1.71751800000000,6.98539100000000,5.87933100000000,9.44886800000000,3.43621200000000,3.37443600000000,-1.65102000000000,-4.73978700000000,4.29317800000000,0.485082000000000,2.51757100000000,5.84357600000000,-0.467496000000000,3.89148500000000,3.37645100000000,8.38704400000000,2.19173600000000,1.49193800000000,-5.26399600000000,2.17328400000000,4.15731800000000,1.50996000000000,2.11995900000000,1.55699300000000,3.41792200000000,5.52431400000000,8.79895700000000,1.90353500000000,1.61648500000000,4.78574500000000,-3.30269200000000,0.0844010000000000,-5.18430600000000,5.85009900000000,5.95050900000000,2.68658100000000,1.82043900000000,9.06819800000000,8.37906400000000,10.0000350000000,1.25469800000000,3.83205200000000,-5.4049960000000,-0.153389000000000,-4.33510500000000,5.1645430000000,4.22869500000000,0.47157800000000,1.69190800000000,5.04315500000000,4.70687000000000,4.99224000000000,4.28860800000000,3.50846300000000,-6.14695900000000,4.44726700000000,4.82928700000000,5.1645430000000,4.22869500000000,1.27109500000000,0.61378700000000,0.905056000000000,4.3799020000000,5.92397300000000,4.3704340000000,-0.724097000000000,-0.0330770000000000,-0.977801000000000,2.00837100000000,6.30556500000000,1.42208600000000,5.03538100000000,7.3010430000000,5.77626700000000,3.1210900000000,-2.82447400000000,-5.0734130000000,3.96950400000000,2.49603300000000,3.07651300000000,3.63136100000000,6.52932100000000,4.87572100000000,6.63272400000000,6.30177600000000,5.08343200000000,3.45600500000000,1.20227000000000,-1.82796200000000,2.65949400000000,0.491814000000000,4.19723300000000,4.94786100000000
12,1.87426300000000,3.91756000000000,4.87688900000000,3.656125000000,6.50603800000000,5.75312500000000,3.60706100000000,-0.251389000000000,0.306771000000000,1.3188360000000,-7.13092800000000,7.83970800000000,2.93966400000000,2.38071500000000,4.96713200000000,-2.20251300000000,7.91788600000000,1.77825000000000,3.78981100000000,-2.65454600000000,-0.469717000000000,-6.13941400000000,-1.64624400000000,1.10741700000000,-0.555844000000000,9.50041100000000,0.37992200000000,3.8536390000000,6.13127000000000,2.42359000000000,1.37014500000000,-0.0299260000000000,1.24907000000000,1.80999400000000,-0.188466000000000,-2.42345200000000,3.96424900000000,3.27597400000000,1.99852700000000,2.4602120000000,11.0461440000000,5.59767900000000,6.3544780000000,-1.5236070000000,4.54128100000000,-0.0874570000000000,-0.49681000000000,4.72796000000000,4.43201700000000,6.39328500000000,2.08171100000000,-0.567005000000000,0.418087000000000,1.44092000000000,3.1464130000000,0.353540000000000,0.400448000000000,-6.11565400000000,-1.93164800000000,3.67277600000000,4.43201700000000,6.39328500000000,2.1284790000000,3.03293100000000,1.91798200000000,-2.70261700000000,3.13702400000000,1.80995500000000,-5.11829300000000,-0.787785000000000,1.49768400000000,4.74140100000000,7.93892400000000,3.80124400000000,1.3387950000000,6.17225700000000,4.46176100000000,1.45109200000000,-2.47387000000000,-6.07589700000000,0.683804000000000,0.455443000000000,-3.30414800000000,3.12515500000000,5.54046100000000,1.08877900000000,3.28115200000000,8.84468400000000,-0.208369000000000,-0.0776370000000000,2.71363700000000,-1.29952500000000,1.73499800000000,4.04190400000000,0.833113000000000,6.44160900000000
13,2.25308100000000,-3.97160200000000,1.73543900000000,-3.85396900000000,3.7229080000000,4.7574970000000,5.78994700000000,-1.00419300000000,-2.11321600000000,-1.47271700000000,-6.9965910000000,-2.66221800000000,1.05143300000000,-1.44480700000000,3.27394100000000,0.745870000000000,3.7176300000000,4.71924100000000,9.72878600000000,-1.03405300000000,2.98445600000000,5.60812300000000,-10.6136890000000,-1.18370300000000,1.92667100000000,3.84149000000000,1.64284900000000,2.09625500000000,0.341418000000000,7.56170600000000,3.17925300000000,-2.73279000000000,-2.07726000000000,1.10932100000000,3.51610700000000,-4.08262600000000,-0.391935000000000,3.0788930000000,-2.79605800000000,-3.54543700000000,7.33957300000000,4.10619700000000,6.81394100000000,2.64510000000000,-0.691111000000000,3.99860000000000,2.0270880000000,8.65148400000000,5.55494000000000,7.82447800000000,0.0881590000000000,-0.430189000000000,1.90054300000000,0.132266000000000,0.0336160000000000,-4.54513600000000,3.02082600000000,-1.94695200000000,-1.52869500000000,3.032934000000,5.55494000000000,7.82447800000000,-0.355331000000000,-1.08051700000000,-0.960190000000000,-0.776871000000000,0.130722000000000,0.746661000000000,-0.27605000000000,1.77212200000000,-5.44930700000000,1.6268420000000,3.85937300000000,3.10633100000000,2.22574300000000,3.75674300000000,-0.730831000000000,4.77503800000000,0.38902300000000,-9.10957300000000,0.619738000000000,13.4952530000000,-2.2335580000000,-4.31386600000000,6.39398400000000,2.73336900000000,5.08753100000000,4.8237290000000,4.74181700000000,-2.7604880000000,2.93187100000000,-3.61276000000000,2.79972000000000,9.60129500000000,-6.44691600000000,3.73760400000000
14,-1.8093780000000,-3.6629460000000,0.639483000000000,0.278429000000000,0.0639680000000000,0.674326000000000,3.80310800000000,-2.03567200000000,10.092858000000,12.2870540000000,-9.18922900000000,4.73084500000000,-3.00631300000000,-8.21115600000000,6.32996500000000,0.599954000000000,1.02096100000000,1.73677000000000,5.50393100000000,-2.0350950000000,6.90093800000000,13.6163750000000,-3.85134100000000,-4.70486000000000,1.18244300000000,0.311217000000000,-0.96925400000000,-8.58776200000000,1.47175700000000,3.2887070000000,-1.05335700000000,-4.20995000000000,1.3927070000000,11.1231380000000,13.8421010000000,-9.06152400000000,0.977719000000000,1.26389900000000,-5.3609070000000,-2.64641000000000,-0.201830000000000,-1.65633700000000,0.86314700000000,-8.24586800000000,0.340146000000000,13.2330300000000,12.759479000000,0.297079000000000,-0.377910000000000,3.00720400000000,-5.61016500000000,1.13298100000000,1.99972000000000,2.22589600000000,4.22024800000000,2.1703110000000,-1.36184000000000,1.81958100000000,-2.77124700000000,3.33860000000000,-0.377910000000000,3.00720400000000,0.419818000000000,-0.459486000000000,-1.37472500000000,2.2508890000000,2.45176700000000,0.609925000000000,-9.52790700000000,9.71081200000000,0.74155800000000,6.84920100000000,-0.42547300000000,-1.84612800000000,-2.19945400000000,-0.741258000000000,0.345071000000000,0.413426000000000,-4.7977450000000,-8.91114300000000,-2.40587900000000,28.9465540000000,-6.27036800000000,-2.07582000000000,-2.78666600000000,1.50648200000000,1.65181700000000,2.59321300000000,1.63323900000000,0.991132000000000,-4.04125800000000,-5.18675700000000,-7.02889300000000,25.4392240000000,1.18185300000000,0.530908000000000
15,-2.88439800000000,-8.47330700000000,-6.04077800000000,10.3640030000000,2.3327450000000,-1.48382100000000,-1.18214000000000,-4.56257100000000,29.3960120000000,36.2708400000000,-3.94887300000000,-1.23919900000000,1.14973800000000,-1.88521900000000,-1.1935070000000,11.5077940000000,1.1800680000000,4.91354700000000,2.06206700000000,0.575417000000000,21.8959090000000,31.4156260000000,-5.94278900000000,-5.78985900000000,0.437968000000000,-3.04657200000000,-1.65650500000000,-2.1614930000000,-2.18566100000000,-2.32934000000000,3.21440000000000,-4.1932940000000,8.89681800000000,34.0623450000000,36.9595610000000,-6.15803000000000,-2.67586300000000,0.718578000000000,-2.23639300000000,-7.29767900000000,1.74715800000000,-1.12189900000000,-1.77554700000000,-2.04386700000000,7.8801780000000,29.8596470000000,40.0565310000000,5.12748800000000,0.354282000000000,-0.586667000000000,-5.67719900000000,13.3791130000000,-2.01165300000000,-0.901506000000000,0.121746000000000,2.68065600000000,-3.40731800000000,23.1599580000000,12.6188740000000,-3.69751500000000,0.354282000000000,-0.586667000000000,-3.24251700000000,9.26479100000000,-2.07350800000000,5.80440500000000,-1.67840800000000,3.05714000000000,-6.9468960000000,32.2217220000000,10.8509290000000,2.95036600000000,-0.193464000000000,-0.70200500000000,-4.74683700000000,-5.77824600000000,-5.53958600000000,-1.25840000000000,-0.0615750000000000,-12.1072080000000,-1.16954200000000,69.7310230000000,-0.489908000000000,-6.65480600000000,1.46199500000000,-3.43837900000000,-4.01626300000000,-1.10121300000000,-3.85890700000000,-4.60095000000000,-3.63995100000000,-1.96698700000000,0.23992100000000,61.8546380000000,-1.96809100000000,-1.37760900000000
16,-2.4137930000000,-8.95467600000000,-3.45370900000000,33.8326960000000,1.44173300000000,0.46185200000000,4.39337000000000,2.12585700000000,65.8824730000000,85.5346900000000,2.68432900000000,2.26771800000000,-4.06165500000000,-4.45435300000000,-0.0258890000000000,29.9776630000000,1.05877400000000,-0.21483600000000,-3.01705700000000,4.87963000000000,59.2168690000000,83.1465850000000,5.2803160000000,1.09874800000000,-4.55699000000000,-3.34411000000000,-2.25119600000000,-4.35068100000000,-3.13860100000000,-3.58327900000000,3.30893300000000,2.86419900000000,27.4954800000000,71.5944650000000,81.7416540000000,-2.42324100000000,-9.17944800000000,-1.57953000000000,-5.45741600000000,-3.89088900000000,-0.705096000000000,0.0989250000000000,-2.2826130000000,2.46930500000000,19.383366000000,68.6840790000000,93.5248480000000,7.3755400000000,-6.93146700000000,-5.21958800000000,-4.73848900000000,27.543280000000,0.0953030000000000,2.82075800000000,-1.25047000000000,8.08677300000000,0.812236000000000,59.0054930000000,30.791543000000,2.15216400000000,-6.93146700000000,-5.21958800000000,-1.89875000000000,23.6926930000000,-3.67663600000000,-0.117537000000000,0.817376000000000,16.5577950000000,-4.06403200000000,68.8428440000000,29.8893970000000,5.11919400000000,-1.13728400000000,-3.85667400000000,-3.72414400000000,0.00394300000000000,1.60721200000000,-1.02085800000000,2.54891700000000,-3.65870500000000,5.28114600000000,153.33950300000,1.76238100000000,-5.00121200000000,0.521112000000000,-1.57848900000000,-6.49603200000000,-1.56921100000000,-6.00109500000000,-4.38749100000000,0.283848000000000,-1.87986000000000,2.39473600000000,132.880522000000,0.693812000000000,2.12735000000000
17,-5.87061200000000,-5.24672600000000,-6.47126000000000,78.6823320000000,-3.23642000000000,-3.8339010000000,-1.48832200000000,11.0201950000000,146.945541000000,192.898184000000,25.9133280000000,19.0490010000000,-2.55514800000000,-5.1627920000000,-4.44303700000000,69.9434280000000,-3.47876000000000,-2.16519100000000,1.47739600000000,8.32385400000000,136.501765000000,171.978266000000,26.8200510000000,14.682022000000,-4.81881800000000,-1.42241200000000,0.557064000000000,-3.06153900000000,-2.18108500000000,-1.19249100000000,-5.73990300000000,15.9788000000000,66.7240670000000,153.052541000000,175.623492000000,5.46418300000000,-5.81648400000000,1.3986330000000,-5.55747200000000,-2.64455800000000,-8.58519000000000,0.408122000000000,-1.01562300000000,15.2579020000000,59.1739660000000,156.603421000000,191.646561000000,9.05868600000000,-2.13889400000000,-2.80417500000000,-7.61763400000000,61.5139750000000,-2.70141800000000,-3.76522800000000,-1.94558800000000,28.3028180000000,8.15204600000000,144.814766000000,76.7969600000000,-3.04092500000000,-2.13889400000000,-2.80417500000000,-2.41600100000000,60.5899260000000,-4.28159900000000,-0.568878000000000,-0.270055000000000,33.484162000000,5.47845300000000,144.385395000000,70.4685120000000,2.05265300000000,5.24129800000000,-4.41889700000000,-2.30183900000000,-5.10467000000000,-4.41090300000000,2.14306100000000,15.2810960000000,8.42960200000000,18.9524360000000,315.042339000000,15.9865640000000,-2.16696400000000,-6.28580600000000,0.562646000000000,-2.79154100000000,-2.02368500000000,-0.65773400000000,-1.79393500000000,15.3286350000000,18.3003200000000,28.1052050000000,274.343133000000,10.626799000000,3.84630500000000
18,-3.77118200000000,-3.41435700000000,-6.61965100000000,176.531003000000,-0.472282000000000,-0.867211000000000,-1.69058400000000,28.0573160000000,313.3051130000,388.377628000000,65.1283200000000,55.0551730000000,-2.28863800000000,-6.76170800000000,-0.796354000000000,150.917686000000,-4.78467000000000,-1.02013100000000,-5.13459500000000,35.7121310000000,286.271193000000,343.271574000000,75.1878730000000,49.0143640000000,-0.736957000000000,4.09218600000000,10.7522750000000,5.91529000000000,1.03478000000000,2.52936500000000,-2.33265600000000,46.8575690000000,148.893344000000,296.189880000000,354.857949000000,20.3874060000000,-8.63942800000000,1.66006300000000,2.48775700000000,7.04827000000000,0.404534000000000,4.58023700000000,-3.97821800000000,40.0651070000000,125.839593000000,319.200106000000,390.090117000000,7.52619700000000,-1.08531300000000,-1.0003280000000,-1.92581800000000,139.27870500000,-4.2631790000000,-3.15368200000000,-1.15328100000000,77.5001420000000,32.8294430000000,310.983623000000,163.221513000000,-4.28566000000000,-1.08531300000000,-1.0003280000000,1.719216000000,133.369867000000,-1.31139300000000,-1.60596400000000,-0.0424730000000000,80.1555590000000,23.2751130000000,306.749467000000,153.877455000000,-0.728847000000000,-3.18016300000000,-6.20165600000000,3.64266600000000,-1.89437200000000,-3.91327400000000,3.33476000000000,45.199065000000,34.4758930000000,58.6586910000000,616.49971700000,46.1208870000000,2.05243500000000,-0.666302000000000,-1.41154600000000,1.06556700000000,-1.09401000000000,-4.60495200000000,0.836533000000000,46.3732780000000,44.4475340000000,57.2495650000000,542.065734000000,40.7278520000000,4.25079700000000
19,4.87998300000000,-2.65692500000000,-2.45909700000000,361.344836000000,-1.78238000000000,-5.65403500000000,-3.08061600000000,69.8358850000000,618.478439000000,744.69683500000,131.919014000000,114.93574300000,1.52416000000000,-0.734054000000000,0.131758000000000,303.228825000000,-4.39736700000000,-2.92837200000000,-2.44234900000000,84.022239000000,558.834960000000,654.525381000000,159.188058000000,113.688656000000,-0.286816000000000,15.9480200000000,28.8624190000000,12.2740680000000,0.533624000000000,13.9465210000000,-3.31582800000000,104.334607000000,315.392711000000,564.336456000000,678.4300400000,64.4655350000000,-1.27257800000000,21.1108930000000,26.2502810000000,15.8838150000000,-1.67131900000000,15.9590920000000,-3.48285100000000,96.7393750000000,267.822542000000,607.925221000000,739.676639000000,9.76736100000000,0.719150000000000,1.47714300000000,7.60945600000000,286.712579000000,3.29611900000000,-3.31181500000000,5.16754000000000,174.789728000000,71.7353650000000,610.241234000000,330.323240000000,1.56623300000000,0.719150000000000,1.47714300000000,11.7114990000000,286.080893000000,-1.04179300000000,-2.71486500000000,7.76439000000000,173.98815200000,61.398482000000,586.794385000000,310.292929000000,-0.583535000000000,2.93444700000000,-1.42872300000000,14.596532000000,0.0426950000000000,-1.0872900000000,8.70731700000000,105.359311000000,91.9754080000000,124.186189000000,1143.25852800000,98.8353990000000,-3.59860800000000,3.95743800000000,1.36395900000000,12.8852070000000,0.400285000000000,-0.0562160000000000,4.82836300000000,104.497523000000,106.37228700000,131.641985000000,1006.98562200000,88.8323870000000,4.26510400000000
20,13.4659160000000,5.70188900000000,1.46549200000000,714.689882000000,-2.73912500000000,-0.350333000000000,-3.25230100000000,158.096886000000,1160.9315370000,1347.76127000000,270.410171000000,232.77264800000,12.8899140000000,6.97774400000000,6.97832300000000,592.397482000000,1.09142400000000,-2.89982800000000,-0.877442000000000,180.831899000000,1053.21218400000,1190.63160700000,324.007333000000,238.797223000000,13.971946000000,33.2529970000000,69.3558990000000,38.4139060000000,6.9823440000000,35.1440040000000,0.803601000000000,221.238635000000,618.090509000000,1021.68612900000,1250.73169300000,143.496613000000,9.30645900000000,33.0383650000000,59.888651000000,40.9198800000000,5.95531600000000,41.6927100000000,3.13217900000000,210.463371000000,534.948730000000,1103.72653000000,1347.10182400000,3.73878000000000,7.3493990000000,7.29894600000000,20.992526000000,546.678261000000,2.89208100000000,-2.43291500000000,16.0694640000000,351.733951000000,145.205724000000,1124.54443300000,634.844529000000,-2.42228300000000,7.3493990000000,7.29894600000000,26.3219910000000,559.157898000000,5.87849000000000,-0.676023000000000,22.9268840000000,350.310802000000,123.388917000000,1091.06918900000,607.046093000000,-2.33448900000000,17.3825690000000,1.40364700000000,38.4940470000000,12.1524890000000,2.88769100000000,28.9941300000000,223.648275000000,204.576897000000,260.100118000000,1977.72679200000,202.793042000000,1.26220500000000,4.68990200000000,7.54497100000000,35.9329430000000,11.8981270000000,2.48490800000000,16.3074500000000,222.278112000000,220.67752500000,270.61766800000,1751.01619000000,196.847863000000,2.0052680000000
21,39.5150370000000,27.5816510000000,17.0246660000000,1332.8618750000,8.21207700000000,-1.3067750000000,3.3586380000000,323.53792600000,2029.71797100000,2253.83296500000,519.295044000000,460.867778000000,27.799200000000,22.0518380000000,25.9030280000000,1106.45348500000,12.3851310000000,0.0956930000000000,5.08069400000000,369.041545000000,1841.03819100000,1982.66281800000,627.308457000000,475.549900000000,29.7117840000000,68.0911630000000,143.658938000000,90.0548910000000,24.611942000000,81.2855030000000,11.7486410000000,447.457765000000,1178.07230100000,1732.21184600000,2165.97762900000,291.632332000000,19.404450000000,68.8331590000000,133.356945000000,98.0697540000000,19.2356940000000,81.2885910000000,6.44767300000000,427.925155000000,1011.23399900000,1867.41543500000,2278.83323200000,4.74123000000000,23.0510310000000,20.5418840000000,58.7240750000000,1018.82577700000,8.92325800000000,-4.614913000000,43.0905100000000,676.463942000000,297.500456000000,1941.35069900000,1172.24316500000,-4.17492200000000,23.0510310000000,20.5418840000000,67.3374600000000,1059.65291200000,13.5922800000000,1.66401700000000,44.2646730000000,681.227612000000,262.710339000000,1892.39862300000,1119.01096000000,1.85793900000000,30.804625000000,17.9301840000000,81.1908060000000,37.4995180000000,12.4789540000000,62.3178230000000,451.310788000000,424.345658000000,504.179007000000,3101.9541730000,411.48700400000,-1.59245700000000,20.3431480000000,24.1145460000000,82.108034000000,37.9010130000000,14.070013000000,38.8150770000000,449.127066000000,447.077458000000,533.681690000000,2767.00413600000,383.591931000000,2.26414600000000
22,81.1023970000000,75.9737510000000,49.3648120000000,2321.62397100000,22.722349000000,2.1601110000000,9.24563200000000,632.776342000000,3200.91662800000,3368.96950400000,963.85728200000,858.987072000000,61.9809570000000,60.659796000000,61.1494710000000,1924.76907800000,26.7359070000000,-1.5119010000000,19.5050180000000,717.90500000000,2899.91894500000,2982.56876500000,1160.76224200000,897.742492000000,68.8380440000000,137.78084900000,285.932901000000,184.905605000000,55.7115520000000,169.775368000000,34.4379740000000,861.636774000000,2066.34150500000,2675.5081080000,3428.02617400000,570.629537000000,60.9047560000000,142.092320000000,276.613164000000,198.042561000000,44.2104850000000,170.395205000000,24.214471000000,822.87188100000,1782.8350410000,2861.65130600000,3471.18367700000,-1.43851400000000,59.8777520000000,54.6909920000000,132.824130000000,1783.43012400000,31.6290500000000,3.39875400000000,101.924810000000,1261.02307400000,585.687451000000,3019.05731200000,2019.54566600000,-1.76229200000000,59.8777520000000,54.6909920000000,146.105327000000,1873.37961500000,45.1444590000000,9.89825500000000,94.4059180000000,1247.47038700000,514.008373000000,3012.15680600000,1948.66196200000,2.32697000000000,59.2177220000000,50.947826000000,174.28849200000,87.4774450000000,36.1431010000000,130.354094000000,865.528324000000,814.888253000000,955.928345000000,4275.78668500000,770.84903300000,-6.22351100000000,44.8742710000000,59.8126320000000,172.53919300000,88.4559240000000,33.6629450000000,83.6228120000000,855.442435000000,847.093541000000,998.132427000000,3842.35804200000,735.134836000000,2.30085200000000
23,170.346252000000,155.767819000000,110.369753000000,3637.23220900000,63.405861000000,11.4198040000000,30.6651290000000,1158.01202500000,4361.39649500000,4376.62187200000,1646.05973300000,1513.97877100000,129.472366000000,137.664232000000,133.734208000000,3005.43766400000,65.5752000000000,13.3846070000000,40.9789310000000,1323.31724200000,3942.61980900000,3874.17608800000,1970.83882400000,1576.35597700000,143.414585000000,268.836879000000,555.413383000000,375.460167000000,121.96715800000,340.267025000000,76.7053690000000,1559.73128200000,3294.00787400000,3582.41866200000,4781.64743700000,1060.55543700000,120.406751000000,277.149899000000,551.146808000000,411.317045000000,102.851494000000,344.091583000000,53.4936630000000,1499.26511400000,2838.27890000000,3814.73688300000,4601.02729200000,-0.615695000000000,124.71586200000,125.096909000000,275.077059000000,2841.87896300000,72.7142890000000,18.0133490000000,210.794554000000,2152.7568620000,1089.35078200000,4123.5400560000,3181.98131800000,-0.522373000000000,124.71586200000,125.096909000000,296.046530000000,3011.52055000000,89.264838000000,22.6724370000000,205.050593000000,2110.57812000000,957.330833000000,4188.15118400000,3089.02686600000,2.5990280000000,125.98407300000,113.337344000000,353.826160000000,178.242049000000,80.5404940000000,257.958756000000,1567.45801800000,1460.11761400000,1676.29013700000,5279.06186200000,1382.44057000000,-2.45816900000000,89.6977800000000,125.58094100000,347.486806000000,192.396023000000,73.4166650000000,178.612670000000,1561.88402800000,1524.14019600000,1739.49588200000,4766.71388900000,1343.41950500000,2.3234920000000
24,341.103070000000,314.065310000000,225.737532000000,4944.3895500000,123.176881000000,23.0027490000000,67.103295000000,1979.40782000000,5330.51720100000,5201.70759100000,2536.84235900000,2451.68446900000,253.406316000000,276.679745000000,271.164720000000,4062.66064800000,139.320026000000,27.1172460000000,93.8698910000000,2269.63374300000,4813.8680400000,4610.51881000000,3056.41675600000,2549.10981500000,283.351633000000,507.676069000000,1043.53258400000,722.181340000000,255.885208000000,649.640006000000,166.229780000000,2574.53702900000,4551.62363500000,4347.54061800000,5963.20950100000,1845.83730700000,250.929230000000,519.54227200000,1043.04073800000,780.23356200000,219.603570000000,659.959836000000,121.136499000000,2499.58192400000,3916.29073900000,4614.25765600000,5545.38111000000,8.27658200000000,246.840061000000,255.409946000000,539.309396000000,3930.91065900000,146.167266000000,36.4622620000000,421.181363000000,3282.30493800000,1878.32392200000,5083.22067300000,4398.90981600000,-3.35999000000000,246.840061000000,255.409946000000,584.535451000000,4212.12915000000,177.221464000000,47.2301160000000,396.339550000000,3186.55799900000,1692.64379600000,5210.72989900000,4315.61223800000,0.135528000000000,247.732159000000,227.939271000000,688.639494000000,362.059134000000,159.688354000000,506.799997000000,2611.57383800000,2398.35811100000,2662.41849000000,6017.9362800000,2288.25530300000,-3.34225800000000,183.810846000000,254.549816000000,670.52209200000,382.099474000000,158.410995000000,355.974508000000,2607.79724800000,2514.99391700000,2741.24672100000,5457.99745400000,2258.29516400000,7.12218900000000
25,656.628476000000,603.968493000000,456.021676000000,6042.69088600000,262.648645000000,54.7687440000000,156.381245000000,3050.74719900000,6010.48345700000,5767.85043000000,3451.84133700000,3547.40352300000,489.716689000000,542.52676400000,526.414547000000,4940.70009600000,282.048667000000,59.3067650000000,204.89860900000,3477.77631000000,5427.40544100000,5119.76849700000,4131.00913100000,3641.64777700000,544.100632000000,937.238085000000,1854.39233100000,1328.29483500000,505.710000000000,1204.08213900000,338.314312000000,3749.72953200000,5615.94606400000,4906.32207300000,6858.16093900000,2917.40543500000,487.214482000000,957.177173000000,1868.02566800000,1434.58540300000,447.192759000000,1231.39477300000,257.182481000000,3692.01853500000,4822.14794600000,5184.71526400000,6213.08108300000,3.05580300000000,478.840773000000,507.730276000000,1013.7698770000,4852.50933500000,301.426100000000,79.8352880000000,811.757067000000,4311.33719500000,2944.89867600000,5816.8901950000,5454.1857010000,-2.59628900000000,478.840773000000,507.730276000000,1094.10423700000,5237.42053400000,362.451827000000,109.535178000000,758.277237000000,4132.52410700000,2705.10882000000,5986.68576400000,5383.2805810000,0.173031000000000,477.464260000000,454.447601000000,1278.3590990000,707.83691600000,325.817119000000,942.219031000000,3825.31054700000,3442.91636300000,3684.34508000000,6493.68984700000,3404.40506300000,-0.59181100000000,356.685778000000,496.886448000000,1243.64439900000,738.004191000000,324.84480600000,696.452043000000,3842.76639700000,3656.22230400000,3745.17523700000,5903.14806600000,3462.36886000000,-3.31699600000000
26,1189.21773200000,1125.36177700000,858.038534000000,6827.10212500000,514.769326000000,117.438511000000,315.028362000000,4015.68433400000,6432.68630800000,6128.39567500000,4236.08842100000,4527.88744300000,894.878758000000,1006.32749200000,989.657517000000,5562.3023650000,554.616576000000,122.73900200000,412.024507000000,4587.18069900000,5806.80769000000,5432.79216500000,5040.41482100000,4607.53373700000,998.640494000000,1637.43575500000,3004.48892100000,2252.24268500000,950.584257000000,2068.77257900000,660.996062000000,4779.06399200000,6388.68139100000,5259.68279000000,7451.24645800000,3954.10357100000,918.204667000000,1672.80005100000,3057.32054800000,2440.85348500000,839.587512000000,2130.45871900000,504.112615000000,4756.603042000,5471.11869900000,5544.11482800000,6633.82380400000,1.99445200000000,890.122316000000,957.088340000000,1787.75050800000,5522.05706100000,579.18955400000,166.989615000000,1463.98776700000,5149.82196400000,3968.80782600000,6324.5422670000,6245.60929800000,-1.02263200000000,890.122316000000,957.088340000000,1922.19115900000,5985.87128400000,686.901305000000,211.382769000000,1386.42300900000,4896.04978000000,3772.8966300000,6495.39525300000,6190.40879100000,-2.47956600000000,864.949212000000,851.910120000000,2211.46500300000,1310.81660700000,631.840625000000,1679.44127700000,4905.95535000000,4359.24064400000,4549.11402600000,6775.68241300000,4375.61338700000,2.85120500000000,670.26205000000,923.123355000000,2156.74525700000,1345.95430700000,626.805715000000,1276.24454200000,4941.08692300000,4659.79640300000,4583.25688000000,6172.14222600000,4635.21284300000,0.0958860000000000
27,2013.83273500000,1956.58455300000,1524.26075700000,7316.47024000000,973.72239300000,245.856499000000,622.658795000000,4809.03707000000,6673.00822300000,6335.69749900000,4813.1352590000,5299.49314100000,1556.97129600000,1759.26464000000,1742.14812300000,5941.6495620000,1044.81017100000,252.29045200000,800.553165000000,5489.84036200000,6027.27036400000,5613.14642600000,5698.29150200000,5357.18166700000,1725.73323700000,2639.42441400000,4268.89599200000,3419.84174700000,1683.44914500000,3206.02071400000,1230.4463700000,5563.6964630000,6868.30989900000,5471.80418300000,7803.05213000000,4797.29585300000,1607.63691900000,2707.3966420000,4382.36877000000,3719.59716300000,1501.76900300000,3322.76807400000,961.86845700000,5581.74327700000,5872.95178700000,5759.97575600000,6873.87617600000,1.84439800000000,1567.56567000000,1678.17228200000,2863.15294000000,5944.40238200000,1063.67925800000,331.575794000000,2431.78103000000,5723.46746800000,4822.63764500000,6658.33916500000,6759.27525200000,3.90381400000000,1567.56567000000,1678.17228200000,3078.02301700000,6469.82902700000,1256.81915100000,408.429051000000,2347.79565900000,5412.27459300000,4694.8535190000,6805.49733900000,6721.22153500000,-8.79614100000000,1508.65912100000,1519.16111300000,3442.69221700000,2233.21936600000,1159.30685700000,2717.25800900000,5744.70849200000,5060.48205100000,5173.33936000000,6938.63403000000,5170.42544800000,20.2513690000000,1210.08704700000,1623.18854900000,3362.69838000000,2279.68345700000,1171.24963200000,2222.70344700000,5793.83190200000,5436.49887800000,5177.96895900000,6323.96170000000,5623.1043840000,-1.09464500000000
28,3056.40791600000,3090.94211100000,2452.28883600000,7607.27784800000,1725.79276400000,468.155064000000,1157.75945200000,5358.64436000000,6812.86772000000,6471.85050700000,5199.63998300000,5826.76527900000,2454.71336900000,2819.31791000000,2798.07375400000,6168.61141900000,1831.93911800000,491.473383000000,1457.35270000000,6111.1225180000,6158.78948200000,5720.14895200000,6118.29583500000,5856.97596300000,2697.2138150000,3738.01025400000,5363.21032200000,4476.87400100000,2711.97241500000,4161.1607200000,2135.93206100000,6072.12573300000,7153.30980500000,5594.15286000000,8006.64843900000,5365.04350400000,2567.5202190000,3870.49153500000,5538.56730900000,4893.34285800000,2416.74077900000,4366.77189800000,1721.54432600000,6131.28768000000,6104.21315800000,5886.7218410000,7016.10276200000,-1.59735200000000,2519.94089200000,2683.75914800000,3994.69599100000,6191.225793000,1837.10583200000,637.945614000000,3510.15756000000,6071.65094600000,5420.50829100000,6880.20570500000,7068.42571500000,13.5836590000000,2519.94089200000,2683.75914800000,4294.64135600000,6756.23351300000,2135.7397030000,783.730095000000,3536.68486300000,5717.71396400000,5390.87764100000,6988.15347200000,7045.43980400000,-1.23260900000000,2422.06304300000,2466.71912300000,4624.57098500000,3446.43580800000,1996.18508000000,3786.45858300000,6299.05746700000,5531.16391800000,5569.03291500000,7027.49419600000,5711.92862800000,41.0523150000000,2043.66365200000,2590.70250000000,4541.87935000000,3428.93726400000,2041.68875400000,3489.41395800000,6357.7776350000,5955.86159100000,5549.56826200000,6413.04880500000,6341.41533800000,-0.419838000000000
29,4046.20651000000,4255.95217900000,3461.3795780000,7784.26854000000,2797.09645100000,880.775930000000,1994.00604500000,5693.19480500000,6910.21869900000,6547.55245100000,5440.08146300000,6151.88867200000,3376.44774900000,3939.24085200000,3923.98139000000,6300.39344400000,2938.18987300000,929.758905000000,2462.06188200000,6486.53796300000,6240.50533500000,5781.74173600000,6375.35210100000,6164.01042200000,3672.06774800000,4697.09237100000,6176.41453300000,5335.27901100000,3803.37192900000,4873.99204200000,3362.034717000,6375.15901300000,7314.71975500000,5669.03251800000,8111.01453100000,5680.67114500000,3586.00637600000,4891.5569460000,6409.32086900000,5850.63748300000,3418.22266500000,5151.023476000,2829.10739200000,6457.18029200000,6237.94549500000,5961.60094400000,7092.1501190000,-5.37822400000000,3568.56680900000,3740.35400100000,4959.99759700000,6335.43830200000,2841.93463400000,1177.78719600000,4381.25211300000,6278.75712300000,5792.85896700000,7031.91425300000,7240.28796400000,35.5681970000000,3568.56680900000,3740.35400100000,5325.19790300000,6923.6066430000,3242.58308700000,1423.21112000000,4506.68294400000,5895.19900300000,5852.91020400000,7092.35690700000,7231.69070500000,-1.37957500000000,3423.91795400000,3513.74753000000,5606.00793800000,4596.78508600000,3090.07571500000,4628.71488100000,6632.00376400000,5820.3344800000,5803.69011700000,7073.95833700000,6042.4756750000,93.6371750000000,3120.29195000000,3609.30251000000,5524.28358800000,4465.05902500000,3207.65699000000,4667.60877300000,6698.7112080000,6280.06166800000,5768.54362700000,6457.50847800000,6805.02749400000,2.91998300000000
30,4846.57898400000,5231.14563100000,4329.38420100000,7887.95276400000,3935.86852200000,1584.83076100000,3077.48203800000,5888.29177700000,6964.95634000000,6593.40431300000,5589.57092600000,6335.53069500000,4156.54724500000,4893.27608900000,4884.91371900000,6380.08527400000,4094.9987080000,1669.34680200000,3620.88045700000,6700.78019900000,6293.19931000000,5814.83453100000,6528.89962500000,6338.91584200000,4478.86512300000,5413.92688600000,6697.74107900000,5920.18418400000,4732.45776900000,5299.44560200000,4459.46613800000,6546.31871000000,7412.86572900000,5709.34438700000,8153.89795800000,5843.6776290000,4451.79181000000,5662.47446200000,6968.72640900000,6504.44060900000,4281.35700200000,5623.96897900000,4013.14874400000,6645.20862800000,6318.28356900000,5996.50300100000,7121.93231300000,-0.771654000000000,4472.53197100000,4635.7561530000,5657.14979000000,6418.91913900000,3686.46970900000,2029.03960000000,4960.30888600000,6400.36130300000,6006.23606900000,7142.09483900000,7335.55315400000,79.2855350000000,4472.53197100000,4635.7561530000,6073.49817500000,7017.83200600000,4141.74445500000,2408.69587000000,5223.29096600000,5995.32471800000,6145.63537800000,7148.84191000000,7329.31433100000,-9.01372000000000,4291.63091600000,4421.29696900000,6297.47770800000,5546.67498700000,3999.65412600000,5167.73666700000,6826.17689400000,5998.80252800000,5941.31823600000,7082.88244000000,6229.82959100000,186.537017000000,4131.61592600000,4471.8898180000,6213.69383800000,5305.33763400000,4275.96563400000,5563.26732800000,6895.75964600000,6473.25523700000,5894.42557300000,6469.513668000,7078.39632200000,0.158205000000000
31,5387.56235900000,5920.20309600000,4971.90285800000,7947.38709100000,4915.96746800000,2635.56557000000,4001.10575300000,6008.90472100000,7002.43763300000,6601.689189000,5682.89352800000,6429.44216400000,4716.27631300000,5585.44685200000,5581.60069200000,6424.44936600000,5074.83965100000,2768.75697800000,4578.53365300000,6825.78556000000,6321.72111200000,5826.46337700000,6623.39196400000,6441.72527000000,5043.77115200000,5868.102539000,7003.73905500000,6277.34165900000,5414.05845800000,5561.21022000000,5289.89632000000,6649.18801500000,7469.85463300000,5725.30582600000,8162.68035400000,5924.5460630000,5079.3079840000,6149.65980800000,7294.99444500000,6901.93386800000,4924.40688400000,5906.14080000000,4964.03501600000,6755.90483000000,6370.20231200000,6009.91676600000,7120.347463000,-1.11713000000000,5143.02740100000,5283.72538700000,6094.75730500000,6470.60670300000,4316.79445800000,3137.53859500000,5295.86965700000,6478.60665600000,6134.29665300000,7221.69197200000,7375.55499800000,174.964809000000,5143.02740100000,5283.72538700000,6545.97961500000,7077.4738860000,4803.70178800000,3636.60522600000,5650.44409900000,6057.90698400000,6333.138385000,7170.23313200000,7371.2757760000,-6.17043500000000,4943.83519300000,5102.38094600000,6729.40081200000,6218.63130400000,4678.44097100000,5482.87078200000,6949.91227200000,6119.53604600000,6026.58294200000,7079.58382400000,6342.10970900000,370.158895000000,4966.82609100000,5095.00748800000,6642.48175500000,5877.48906200000,5096.897320000,6110.97166600000,7019.95104000000,6594.93913700000,5976.77669200000,6465.9542050000,7227.04086500000,4.55112500000000
32,5703.06692300000,6334.10780900000,5383.32086800000,7976.40065900000,5636.23091400000,3797.47112100000,4698.12086000000,6083.30784500000,7017.82033600000,6604.20297800000,5734.19631800000,6470.29003700000,5061.56082300000,6008.13927000000,6017.3598280000,6451.20516000000,5788.31211400000,3996.20398000000,5232.17508200000,6908.48367900000,6342.15506300000,5824.89599000000,6674.5641820000,6496.94238100000,5384.57259300000,6132.0464450000,7181.705443000,6491.79726700000,5839.60647500000,5747.38824700000,5795.29423400000,6711.97036800000,7507.52699700000,5725.82039700000,8155.79025700000,5971.97217800000,5471.67044200000,6426.79633600000,7485.86953800000,7127.79872300000,5339.62058000000,6110.21910700000,5583.82045300000,6824.93965000000,6403.81887200000,6011.89489900000,7112.03326700000,-0.789321000000000,5567.39304500000,5680.02500700000,6346.50288900000,6499.98749000000,4695.23033200000,4077.43852600000,5510.40183600000,6525.36396700000,6214.19320800000,7276.08241000000,7385.5720460000,354.603725000000,5567.39304500000,5680.02500700000,6824.53115000,7116.46683800000,5192.66067500000,4598.87540300000,5905.38969700000,6098.06121300000,6455.88796500000,7176.17107700000,7385.60927500000,-1.80219800000000,5358.39556800000,5533.91692300000,6981.46585900000,6640.51054300000,5085.94564500000,5688.40645700000,7024.66308400000,6201.69048200000,6082.08461200000,7065.57864200000,6399.90548300000,682.177942000000,5548.3780490000,5477.85734200000,6894.94700100000,6230.2814960000,5601.39069800000,6418.97016100000,7097.09185800000,6674.98618200000,6027.63992000000,6454.82177300000,7303.76805900000,3.68794100000000
33,5886.40051900000,6571.39570200000,5629.85045800000,7997.70250400000,6100.7447920000,4729.25239800000,5128.96490300000,6136.44120300000,7031.56993500000,6600.84578000000,5766.7730540000,6487.30848000000,5258.64248800000,6249.92477100000,6268.67431300000,6472.69157700000,6236.87186500000,4982.35993800000,5615.23888800000,6967.51681300000,6351.69101900000,5813.40742500000,6702.09564500000,6528.24693400000,5581.18286100000,6287.03012100000,7290.29794600000,6621.05779000000,6090.64835500000,5891.61503500000,6095.70794300000,6752.4986070000,7531.53499700000,5722.16365600000,8150.41826200000,6001.85046700000,5697.76928000000,6585.76971900000,7600.42743600000,7262.00759300000,5583.29826900000,6271.22706200000,5945.64343100000,6877.33735500000,6419.80721700000,6005.53454000000,7102.91777500000,3.3546580000000,5808.10028300000,5906.08390400000,6492.84549100000,6513.53929300000,4926.50826900000,4774.01926800000,5671.18776400000,6553.79656000000,6262.30230700000,7306.84203100000,7385.74515900000,685.879669000000,5808.10028300000,5906.08390400000,6988.67822900000,7141.16198100000,5435.61290200000,5299.26102600000,6092.38373900000,6124.30086500000,6540.87799300000,7169.1118700000,7381.22252700000,-1.39852100000000,5598.06163300000,5786.14003200000,7132.3764450000,6899.53292100000,5333.01193500000,5850.69580600000,7077.35088400000,6261.8572050000,6118.5487880000,7052.53374000000,6427.80651000000,1228.16246900000,5903.29626500000,5692.31390300000,7044.17409700000,6439.24764500000,5899.00682200000,6625.39520500000,7148.33709000000,6731.93083900000,6059.16073000000,6442.14070400000,7333.84717000000,1.31244300000000
34,5990.66008200000,6704.99904100000,5778.65146000000,7999.85664100000,6370.00881800000,5343.57546400000,5391.91516200000,6168.60840200000,7033.69540800000,6599.02624600000,5777.7723980000,6487.326514000,5376.89137600000,6391.68185300000,6425.60901800000,6483.41092900000,6505.72869000000,5634.69164400000,5858.13052200000,7005.2287260000,6356.32439200000,5798.24954500000,6716.47004200000,6534.60294600000,5697.5934520000,6383.78557200000,7358.63930400000,6703.23738000000,6233.07184700000,5997.53988200000,6315.70823000000,6782.77646800000,7546.75083000000,5714.14147100000,8136.16162200000,6021.20258100000,5830.85407600000,6686.11696900000,7681.17759700000,7350.94116700000,5732.79779700000,6391.19944400000,6180.62480800000,6914.40780100000,6431.6184430000,5998.40461200000,7095.03571900000,-3.0209030000000,5942.70381500000,6036.42839400000,6584.98965100000,6522.54983600000,5098.38100500000,5189.46486200000,5794.65791200000,6568.6814190000,6296.95592300000,7332.50032900000,7368.78710300000,1256.38325900000,5942.70381500000,6036.42839400000,7080.10568400000,7150.49880300000,5615.23284900000,5705.45015700000,6236.07435500000,6138.89390000000,6598.48413900000,7161.71680200000,7368.98773600000,-6.69176200000000,5733.18022400000,5926.28904100000,7219.91093600000,7057.15992000000,5511.06691700000,5971.00041100000,7107.73468900000,6304.38300200000,6143.79322400000,7039.20407300000,6434.46909100000,2049.29563900000,6109.89642500000,5811.71118000000,7134.37353800000,6565.81301500000,6103.87141100000,6785.30170900000,7181.40679800000,6776.03556800000,6079.41389500000,6424.43317900000,7336.71546800000,3.77101900000000
35,6059.50609000000,6793.15727500000,5871.67264500000,7999.44709400000,6523.75084100000,5721.44417900000,5582.76612700000,6192.90101700000,7030.1376800000,6590.6930950000,5786.42139100000,6481.65882900000,5451.00986100000,6481.93772100000,6520.65235000000,6487.16587300000,6661.86202400000,6034.17246600000,6047.42711400000,7030.85679700000,6356.48626700000,5786.04321200000,6719.33677700000,6532.80988200000,5772.61031600000,6442.19858300000,7404.52098200000,6754.41585900000,6321.75192500000,6078.05017800000,6488.92167500000,6806.38534900000,7548.78930200000,5705.9991100000,8121.86321700000,6038.20527500000,5910.69619400000,6747.49625500000,7728.29924500000,7402.7693120000,5820.22544300000,6482.48817600000,6365.21954600000,6937.45028100000,6433.56740300000,5987.54215600000,7074.30680400000,-5.39288000000000,6025.21777400000,6116.06659600000,6637.71803400000,6523.00705100000,5236.28484700000,5438.55381400000,5885.8852450000,6577.67239900000,6312.23138100000,7346.51243800000,7361.17577100000,2150.59845700000,6025.21777400000,6116.06659600000,7141.38000400000,7152.3408170000,5757.3523900000,5954.61370400000,6346.56148500000,6146.66987500000,6644.20304100000,7148.57732300000,7355.15552600000,9.40184900000000,5813.53771500000,6014.43981500000,7277.63558100000,7150.35443600000,5652.18328100000,6065.81063300000,7131.9803010000,6343.94836800000,6158.32853800000,7024.51125400000,6430.559141000,3063.50720200000,6229.21145200000,5884.17116900000,7190.48640300000,6644.63965500000,6272.73437400000,6905.12344300000,7201.04601400000,6804.46111500000,6090.01388900000,6407.79796700000,7331.72094100000,2.39384400000000
36,6100.30157500000,6843.69003300000,5931.83942900000,7984.92213400000,6609.03429800000,5970.57824200000,5725.45601000000,6205.62020400000,7026.20080800000,6583.95414000000,5786.53333100000,6470.37654100000,5497.9262630000,6537.40410100000,6581.37603200000,6484.59090100000,6755.94062100000,6299.09097600000,6193.7060120000,7046.37570900000,6347.80285300000,5775.696640000,6720.10701600000,6522.65963800000,5819.43636000000,6479.9782750000,7435.20755600000,6787.62844400000,6375.23781500000,6144.22912200000,6618.532359000,6821.53631400000,7540.59408400000,5694.48359600000,8106.48991500000,6043.13217500000,5961.89382000000,6782.92957900000,7758.2079670000,7434.53988400000,5880.06152100000,6552.46969600000,6503.78611300000,6949.63948100000,6432.73365600000,5978.45388100000,7061.07535400000,-0.338626000000000,6077.59790800000,6167.69948000000,6675.58286500000,6523.23461300000,5338.26626900000,5618.48150300000,5957.30906800000,6578.96726200000,6319.31460000000,7364.41369000000,7342.99507900000,3251.77545900000,6077.59790800000,6167.69948000000,7178.77737300000,7146.16232100000,5864.19120000000,6140.62729700000,6430.47984900000,6147.83994200000,6674.15393700000,7138.4780520000,7343.85231600000,17.3743850000000,5865.13015600000,6065.94789700000,7312.83097900000,7203.6285440000,5763.26332800000,6139.25867800000,7150.23614300000,6377.4569800000,6165.81981700000,7011.45900700000,6422.2864490000,3897.92469700000,6300.65155100000,5928.72437400000,7226.72112300000,6692.45293700000,6401.58699700000,6995.18303900000,7213.16183400000,6820.28363100000,6095.76528300000,6394.2471460000,7323.73669700000,-4.33029100000000
37,6125.64710900000,6877.06093500000,5972.36435800000,7975.0862210000,6663.00494000000,6167.9526270000,5839.05867400000,6212.62752200000,7020.02166700000,6576.43270900000,5785.88385700000,6460.9192520000,5525.0497450000,6570.16495700000,6613.14615100000,6477.53252000000,6810.52142600000,6509.19411000000,6301.8906000000,7055.44959700000,6343.54946700000,5768.56416900000,6713.79403900000,6516.28610200000,5847.4612410000,6501.33696200000,7453.08844500000,6809.02833700000,6411.29584900000,6193.64021000000,6710.1301580000,6826.95589800000,7528.74591500000,5688.03853600000,8097.98519600000,6043.78666200000,5991.79691300000,6799.05555500000,7766.65020100000,7452.62526200000,5914.94989000000,6605.0190800000,6602.71110800000,6951.45263000000,6425.58695000000,5971.27471700000,7043.39529900000,-4.57881500000000,6108.86966100000,6195.19109800000,6695.43249400000,6514.14979600000,5412.97816900000,5760.25826600000,6009.06368700000,6577.92036400000,6316.09207200000,7376.51835200000,7333.42402800000,3967.93987600000,6108.86966100000,6195.19109800000,7202.36115600000,7136.78437200000,5946.99037400000,6291.44980100000,6493.0468130000,6143.97912800000,6689.86896900000,7124.73467200000,7334.68503300000,36.9901470000000,5886.75607400000,6094.6970340000,7332.07090100000,7228.45388200000,5844.44668200000,6193.8102720000,7159.11139500000,6394.75603800000,6162.83485700000,6991.35732800000,6410.40400400000,4540.02645700000,6337.78154500000,5955.13216200000,7246.72614100000,6716.61285600000,6499.20351800000,7063.51766300000,7218.60516200000,6823.98458900000,6094.18676100000,6386.4333030000,7317.33558700000,-4.35039800000000
38,6136.32729200000,6895.39361400000,6000.47050800000,7958.01955700000,6700.41866300000,6320.62892600000,5920.37317800000,6213.20315000000,7009.05457700000,6570.91281000000,5777.00515300000,6448.69363500000,5537.0861870000,6588.46879600000,6633.46313100000,6470.89334400000,6845.55564400000,6662.89028700000,6386.30049100000,7055.22951000000,6329.98058600000,5757.15225600000,6706.71599600000,6511.0415240000,5861.42652400000,6512.4425910000,7461.41499200000,6814.53641800000,6429.95687100000,6234.50250200000,6780.91888000000,6823.57402200000,7518.18652300000,5676.5384050000,8088.30933200000,6034.94795800000,6008.12528000000,6808.6113310000,7769.13038600000,7464.47755500000,5941.01870200000,6649.28569400000,6679.0095930000,6950.46748900000,6415.2216210000,5961.29926300000,7036.12034000000,-2.28878700000000,6122.52326200000,6208.58313800000,6709.3812020000,6509.24226300000,5472.02766200000,5868.67372000000,6049.7110430000,6567.11727800000,6311.01951000000,7392.27359300000,7319.87705900000,4482.73285900000,6122.52326200000,6208.58313800000,7214.04954200000,7127.40580300000,6012.25045900000,6402.16039900000,6542.04883000000,6137.30237100000,6697.35171600000,7113.52514800000,7323.58820400000,90.6090470000000,5897.07658600000,6107.47129300000,7340.79056100000,7238.18588900000,5909.43401900000,6239.62193300000,7162.85149900000,6407.03591900000,6157.13790700000,6973.05830300000,6396.81831900000,4923.49678000000,6356.64321700000,5971.73359500000,7260.06673600000,6726.63678300000,6574.70721000000,7119.43002700000,7218.73075200000,6823.46709400000,6088.34648400000,6374.99279200000,7307.39573100000,-6.99842000000000
39,6142.35417500000,6903.50774800000,6013.54129100000,7952.84892000000,6725.89279400000,6441.18921300000,5989.44073400000,6213.66124800000,6995.09325200000,6563.50378600000,5770.66459800000,6441.20308400000,5541.7060600000,6601.49090700000,6648.03627300000,6462.71944100000,6869.28671700000,6783.25621100000,6451.23143600000,7055.83652200000,6320.30687200000,5747.52631600000,6698.22303900000,6509.78142200000,5864.7500860000,6512.87068900000,7466.3081990000,6817.36095300000,6439.39369800000,6261.98812200000,6837.01580600000,6816.10740200000,7509.29203300000,5670.69861800000,8078.49077800000,6026.08669900000,6013.30828000000,6808.89057100000,7767.08536800000,7467.54740300000,5954.71261300000,6682.9769480000,6738.11715300000,6940.49821700000,6407.07406200000,5953.57128800000,7026.25999600000,-4.83382400000000,6126.80936800000,6209.30729500000,6713.47196200000,6497.93817100000,5519.72254500000,5953.10893300000,6084.80923800000,6560.8049430000,6311.19768000000,7412.96048500000,7310.78479200000,4764.70285200000,6126.80936800000,6209.30729500000,7215.22658300000,7118.49140400000,6063.32248400000,6490.25142800000,6583.23939500000,6128.02243400000,6702.80758800000,7102.04733100000,7312.21055100000,186.171187000000,5894.32468700000,6108.91395900000,7336.64839600000,7237.35780200000,5957.77544500000,6276.63157800000,7158.62525800000,6410.36284200000,6148.57546300000,6957.1016650000,6385.90276000000,5115.00146200000,6362.09799800000,5975.98224600000,7263.16283700000,6729.19089300000,6635.59924800000,7165.25767500000,7219.34921800000,6823.58222200000,6078.89342300000,6362.74525400000,7301.63010300000,-2.81159200000000
40,6147.99322800000,6904.32682400000,6015.60417500000,7949.73820100000,6745.02274300000,6539.99245500000,6051.82643100000,6215.02825100000,6981.01162000000,6551.1721890000,5765.55521900000,6434.93975900000,5540.86567400000,6612.24559900000,6660.70467000000,6454.72142200000,6884.72596200000,6883.07815200000,6502.76476300000,7053.95917900000,6306.67007200000,5737.55486700000,6688.84506600000,6505.74037300000,5857.88556100000,6505.29102600000,7468.81083900000,6813.47861300000,6441.12372600000,6279.92399000000,6881.52083200000,6801.49659700000,7493.95127700000,5665.13763700000,8065.08810700000,6013.83352500000,6012.31491400000,6799.35207100000,7760.06207500000,7458.61139600000,5957.76682700000,6707.34880300000,6787.584884000,6925.46335100000,6397.66847700000,5942.97275400000,7017.12696900000,-5.0008550000000,6123.95681000000,6205.21342100000,6712.79467400000,6487.60680300000,5561.65851400000,6020.36952800000,6116.5477930000,6553.26733300000,6312.63090300000,7438.0749080000,7305.55599100000,4940.12102600000,6123.95681000000,6205.21342100000,7210.17367400000,7109.70216000000,6108.22037900000,6560.07595900000,6622.81784500000,6117.86787400000,6710.34539500000,7093.74533700000,7299.14194200000,355.976193000000,5890.72175000000,6104.88900700000,7326.73463400000,7230.51071000000,6002.8999420000,6311.42254900000,7153.48596000000,6415.13227300000,6138.79541200000,6947.16906200000,6377.04132300000,5209.76157800000,6361.90684000000,5968.2396750000,7261.43565100000,6727.77371100000,6685.67799200000,7203.32648700000,7218.20096500000,6824.29309600000,6066.42701600000,6345.19309500000,7295.13768300000,-4.04473800000000
